station_id,city_name,date,season,avg_temp_c,min_temp_c,max_temp_c,precipitation_mm,snow_depth_mm,avg_wind_dir_deg,avg_wind_speed_kmh,peak_wind_gust_kmh,avg_sea_level_pres_hpa,sunshine_total_min
95866,Melbourne,2009-03-29,Autumn,,7.1,25.3,0.0,,,,,,
,Kuala Lumpur,2009-04-05,Spring,26.8,24.0,31.7,10.4,,119.0,5.7,,,
58362,Shanghai,2009-04-19,Spring,18.7,16.4,22.2,9.5,,,,,,
,Sakhir,2009-04-26,Spring,30.1,25.0,37.1,,,,,,,
,Montmeló,2009-05-10,Spring,20.1,14.7,23.7,1.3,,73.0,11.8,,1011.4,
,Monte-Carlo,2009-05-24,Spring,21.5,16.8,24.4,0.0,,,6.3,,1019.7,
,Istanbul,2009-06-07,Summer,21.8,13.3,27.8,0.1,,195.2,11.0,,1010.4,
,Nürburg,2009-07-12,Summer,16.6,11.1,21.9,2.4,0.0,192.3,10.6,33.3,1011.2,248.0
12843,Budapest,2009-07-26,Summer,20.1,15.1,24.8,0.0,,299.0,12.8,,1021.2,
08285,Valencia,2009-08-23,Summer,,21.8,32.0,0.0,,,,,,
80472,Valencia,2009-08-23,Summer,26.6,,33.4,0.0,,,,,,
,Spa,2009-08-30,Summer,15.3,10.7,21.0,0.0,,,,,,
,Monza,2009-09-13,Autumn,19.4,15.6,24.3,3.7,,265.0,11.5,,1013.3,
,Marina Bay,2009-09-27,Autumn,29.4,27.1,32.7,0.0,,,8.5,,,
,Suzuka,2009-10-04,Autumn,20.5,17.2,25.7,1.7,,140.0,8.0,,1014.7,
83780,São Paulo,2009-10-18,Spring,20.2,,,35.1,,,,,,
41217,Abu Dhabi,2009-11-01,Autumn,28.2,21.0,36.5,,,,,,,
95866,Melbourne,2008-03-16,Autumn,,17.4,39.8,0.0,,,,,,
,Kuala Lumpur,2008-03-23,Spring,26.7,23.4,31.2,11.2,,100.3,6.1,,,
,Sakhir,2008-04-06,Spring,24.9,23.0,29.0,0.0,,328.0,19.7,,,
,Montmeló,2008-04-27,Spring,19.7,13.2,25.2,0.4,,101.0,12.0,,1020.3,
,Istanbul,2008-05-11,Spring,13.0,5.7,17.5,1.5,,317.0,8.7,,1016.8,
,Monte-Carlo,2008-05-25,Spring,19.1,17.2,22.8,1.0,,40.0,16.0,,1013.6,
,Montreal,2008-06-08,Summer,15.8,11.4,20.7,1.6,0.0,176.6,17.6,,1011.0,
,Magny Cours,2008-06-22,Summer,22.1,16.9,27.8,1.7,,199.8,12.6,,1016.2,
,Hockenheim,2008-07-20,Summer,15.5,11.5,20.8,2.3,0.0,252.8,15.4,43.7,1010.6,334.5
12843,Budapest,2008-08-03,Summer,25.1,20.4,30.0,,,,8.7,,1015.8,
08285,Valencia,2008-08-24,Summer,,22.2,29.7,0.0,,,,,,
80472,Valencia,2008-08-24,Summer,23.8,20.8,,2.0,,,,,,
,Spa,2008-09-07,Autumn,15.0,13.3,16.8,4.6,,,,,,
,Monza,2008-09-14,Autumn,13.9,10.7,17.4,18.0,20.0,187.8,21.1,,1010.1,
,Marina Bay,2008-09-28,Autumn,28.1,25.9,32.2,0.0,,,8.3,,,
,Oyama,2008-10-12,Autumn,17.5,14.6,22.0,0.1,,68.0,12.1,,1016.8,
58362,Shanghai,2008-10-19,Autumn,23.7,21.1,27.6,0.0,,,,,,
83780,São Paulo,2008-11-02,Spring,20.8,16.8,27.0,0.0,,41.0,11.8,,,
95866,Melbourne,2007-03-18,Autumn,,10.1,21.2,0.0,,,,,,
,Kuala Lumpur,2007-04-08,Spring,28.2,24.2,32.5,5.2,,54.0,7.7,,,
,Sakhir,2007-04-15,Spring,24.5,22.2,27.0,,,12.0,21.7,,,
,Montmeló,2007-05-13,Spring,20.6,15.4,25.1,2.0,,232.5,14.6,,1010.0,
,Monte-Carlo,2007-05-27,Spring,20.4,16.7,24.5,0.5,,,19.4,,1002.5,
,Montreal,2007-06-10,Summer,18.1,11.5,22.4,0.4,0.0,174.5,13.8,,1012.1,
72438,Indianapolis,2007-06-17,Summer,28.2,21.7,33.9,0.0,0.0,245.0,12.6,,1015.5,
,Magny Cours,2007-07-01,Summer,19.0,15.6,23.5,2.6,,196.9,14.7,,1010.9,
,Nürburg,2007-07-22,Summer,17.2,13.0,21.6,6.4,0.0,232.7,11.8,44.9,1010.4,283.0
12843,Budapest,2007-08-05,Summer,21.8,15.5,28.0,0.0,,32.0,10.2,,1017.8,
,Istanbul,2007-08-26,Summer,25.3,18.6,32.4,0.3,,198.0,18.5,,,
,Monza,2007-09-09,Autumn,16.9,12.4,21.4,0.0,,219.8,9.2,,1014.6,
,Spa,2007-09-16,Autumn,16.6,10.6,21.6,0.0,,,,,,
,Oyama,2007-09-30,Autumn,19.8,15.4,22.4,6.4,,351.0,14.5,,1019.7,
58362,Shanghai,2007-10-07,Autumn,26.4,25.3,28.1,0.0,,,,,,
83780,São Paulo,2007-10-21,Spring,25.4,18.0,34.0,0.0,,59.0,14.7,,,
,Sakhir,2006-03-12,Spring,19.0,17.9,22.9,,,346.0,29.4,,,
,Kuala Lumpur,2006-03-19,Spring,27.4,24.2,31.8,5.9,,95.0,6.0,,1008.3,
95866,Melbourne,2006-04-02,Autumn,,9.2,18.0,0.4,,,,,,
,Imola,2006-04-23,Spring,13.0,8.9,17.7,0.0,630.0,197.2,9.0,,1015.8,
,Nürburg,2006-05-07,Spring,16.3,9.7,22.7,0.0,0.0,84.0,14.5,44.3,1022.3,743.0
,Montmeló,2006-05-14,Spring,20.6,14.1,26.0,0.0,,247.0,11.0,,1021.5,
,Monte-Carlo,2006-05-28,Spring,19.7,15.4,22.4,0.0,,120.0,8.4,,1017.9,
,Montreal,2006-06-25,Summer,19.1,13.4,23.6,2.1,0.0,238.7,12.4,,1024.8,
72438,Indianapolis,2006-07-02,Summer,26.8,21.1,32.2,0.0,0.0,,16.2,,1018.1,
,Magny Cours,2006-07-16,Summer,25.6,17.8,32.4,0.0,,59.9,12.7,,1021.6,
,Hockenheim,2006-07-30,Summer,23.3,16.9,30.2,3.5,0.0,230.9,8.3,39.3,1011.2,485.5
12843,Budapest,2006-08-06,Summer,17.1,12.8,21.6,0.0,,,,,,
,Istanbul,2006-08-27,Summer,27.1,18.4,34.8,0.2,,280.0,9.1,,,
,Monza,2006-09-10,Autumn,19.6,15.5,25.3,0.2,,48.0,8.7,,,
58362,Shanghai,2006-10-01,Autumn,20.9,19.4,21.4,4.6,,,,,,
,Suzuka,2006-10-08,Autumn,18.5,14.5,23.7,5.4,,313.0,20.1,,1002.2,
83780,São Paulo,2006-10-22,Spring,16.4,12.0,23.0,0.0,,,9.4,,,
95866,Melbourne,2005-03-06,Autumn,,8.1,18.3,1.6,,,,,,
,Kuala Lumpur,2005-03-20,Spring,28.5,24.4,33.1,0.0,,,5.6,,1009.6,
,Sakhir,2005-04-03,Spring,29.0,25.0,38.8,,,198.0,17.0,,,
,Imola,2005-04-24,Spring,12.0,6.5,12.8,8.3,,71.0,16.8,,1018.3,
,Montmeló,2005-05-08,Spring,20.1,14.3,26.2,0.0,,,9.3,,1013.7,
,Monte-Carlo,2005-05-22,Spring,18.9,15.5,22.2,0.0,,83.0,13.2,,1014.9,
,Nürburg,2005-05-29,Spring,20.4,15.1,26.0,7.0,0.0,242.5,10.5,31.4,1017.3,754.0
,Montreal,2005-06-12,Summer,18.6,13.4,21.9,10.2,0.0,120.0,14.1,,1008.5,
72438,Indianapolis,2005-06-19,Summer,19.4,13.9,25.0,0.0,0.0,37.0,13.0,,1020.3,
,Magny Cours,2005-07-03,Summer,22.8,16.0,29.4,1.6,,176.0,9.0,,1016.2,
,Hockenheim,2005-07-24,Summer,17.5,12.7,22.6,3.0,0.0,226.9,11.2,34.0,1007.5,307.0
12843,Budapest,2005-07-31,Summer,27.6,21.9,34.8,,,40.0,8.9,,1010.1,
,Istanbul,2005-08-21,Summer,25.7,19.6,31.8,0.0,,,9.6,,,
,Monza,2005-09-04,Autumn,22.0,16.1,24.8,2.3,,128.7,10.3,,1020.6,
,Spa,2005-09-11,Autumn,18.5,16.3,21.0,35.1,,,,,,
83780,São Paulo,2005-09-25,Spring,19.6,17.9,24.8,3.0,,,,,,
,Suzuka,2005-10-09,Autumn,20.5,17.1,25.6,0.0,,,,,,
58362,Shanghai,2005-10-16,Autumn,18.4,11.9,23.2,0.0,,,,,,
95866,Melbourne,2004-03-07,Autumn,,13.3,17.3,1.8,,,,,,
,Kuala Lumpur,2004-03-21,Spring,28.1,24.1,33.0,0.0,,90.0,5.9,,,
,Sakhir,2004-04-04,Spring,25.3,22.2,32.4,,,,19.0,,,
,Imola,2004-04-25,Spring,8.6,6.0,12.7,4.9,545.0,10.0,12.0,,,
,Montmeló,2004-05-09,Spring,15.7,10.8,19.0,3.1,,,9.5,,,
,Monte-Carlo,2004-05-23,Spring,18.5,16.2,20.4,0.0,,112.0,18.0,,1013.9,
,Nürburg,2004-05-30,Spring,17.5,9.1,24.1,1.2,0.0,125.7,10.8,32.7,1021.6,742.5
,Montreal,2004-06-13,Summer,15.0,8.1,19.9,2.5,0.0,286.2,16.4,,1013.6,
72438,Indianapolis,2004-06-20,Summer,17.2,10.6,23.9,0.0,0.0,,9.7,,1019.4,0.0
,Magny Cours,2004-07-04,Summer,18.9,11.4,24.9,0.6,,212.2,12.0,,,
,Hockenheim,2004-07-25,Summer,16.8,12.3,22.1,3.1,0.0,252.2,11.2,37.6,1016.9,283.1
12843,Budapest,2004-08-15,Summer,16.3,,,,,,,,,
,Spa,2004-08-29,Summer,16.0,12.6,,,,,,,,
,Monza,2004-09-12,Autumn,18.0,14.7,22.0,2.7,,,5.9,,,
58362,Shanghai,2004-09-26,Autumn,23.6,20.4,27.6,0.0,,,,,,
,Suzuka,2004-10-10,Autumn,20.3,18.5,23.1,28.9,,38.0,9.5,,1011.9,
83780,São Paulo,2004-10-24,Spring,21.7,20.0,26.5,,,,,,,
95866,Melbourne,2003-03-09,Autumn,,14.6,19.0,5.0,,,,,,
,Kuala Lumpur,2003-03-23,Spring,27.8,24.2,33.0,11.0,,102.0,6.7,,,
83780,São Paulo,2003-04-06,Autumn,20.9,,,,,,,,,
,Imola,2003-04-20,Spring,9.5,6.2,12.6,12.9,386.0,19.0,14.6,,,
,Montmeló,2003-05-04,Spring,20.0,14.4,25.9,3.3,,43.0,15.1,,,
,Spielberg,2003-05-18,Spring,16.1,10.3,21.9,0.2,0.0,,,,,174.0
,Monte-Carlo,2003-06-01,Summer,20.5,17.4,,0.0,,,,,,
,Montreal,2003-06-15,Summer,15.0,11.3,20.1,8.6,0.0,235.0,10.7,,1012.7,
,Nürburg,2003-06-29,Summer,20.9,14.0,26.6,0.1,0.0,201.8,8.4,26.3,1009.1,423.0
,Magny Cours,2003-07-06,Summer,19.3,12.8,24.9,0.0,,127.0,9.2,,1019.6,
,Hockenheim,2003-08-03,Summer,24.8,17.7,31.7,0.0,0.0,208.8,8.2,26.0,1020.8,687.5
12843,Budapest,2003-08-24,Summer,24.1,17.5,29.4,0.0,,,11.1,,1013.2,
,Monza,2003-09-14,Autumn,14.3,10.8,19.2,0.8,,,4.1,,,
72438,Indianapolis,2003-09-28,Autumn,10.0,6.7,13.3,1.8,0.0,272.0,14.4,,1013.7,0.0
,Suzuka,2003-10-12,Autumn,22.2,16.5,25.8,4.2,,342.0,6.0,,1014.7,
,Melbourne,2002-03-03,Spring,22.7,16.6,25.4,4.4,,,12.1,,,
,Kuala Lumpur,2002-03-17,Spring,28.0,24.7,33.0,4.3,,,5.1,,,
83780,São Paulo,2002-03-31,Autumn,25.9,21.0,30.0,,,,8.8,,,
,Imola,2002-04-14,Spring,8.7,5.6,10.5,10.2,316.3,,9.9,,,
,Montmeló,2002-04-28,Spring,18.5,11.4,23.8,0.1,,267.0,9.1,,,
,Spielberg,2002-05-12,Spring,15.3,10.5,21.5,0.9,0.0,,,,,252.0
,Monte-Carlo,2002-05-26,Spring,18.8,13.9,22.6,0.0,,64.0,18.9,,1008.0,
,Montreal,2002-06-09,Summer,15.2,10.9,19.0,5.4,0.0,165.0,19.4,,1017.7,
,Nürburg,2002-06-23,Summer,19.3,14.8,23.7,2.7,0.0,274.5,15.6,45.5,1017.6,535.5
,Magny Cours,2002-07-21,Summer,19.9,14.7,25.8,2.4,,301.3,12.7,,,
,Hockenheim,2002-07-28,Summer,22.4,15.0,28.9,0.0,0.0,110.7,9.5,30.8,1020.2,866.0
12843,Budapest,2002-08-18,Summer,23.8,17.7,29.4,,,41.0,8.7,,1014.2,
,Spa,2002-09-01,Autumn,15.3,,19.7,,,,,,,
,Monza,2002-09-15,Autumn,15.8,11.7,19.6,0.3,,,,,,
72438,Indianapolis,2002-09-29,Autumn,20.6,13.9,26.7,0.0,0.0,,10.8,,1020.4,
,Suzuka,2002-10-13,Autumn,20.2,14.2,25.0,1.5,,3.0,13.4,,1013.1,
,Melbourne,2001-03-04,Spring,22.7,17.9,27.1,3.3,,243.5,15.0,,,
,Kuala Lumpur,2001-03-18,Spring,27.2,23.8,32.5,6.6,,,4.4,,,
83780,São Paulo,2001-04-01,Autumn,23.2,20.0,30.0,,,,7.0,,,
,Imola,2001-04-15,Spring,5.3,0.4,9.0,7.3,503.8,250.0,17.5,,,
,Montmeló,2001-04-29,Spring,15.5,9.8,19.8,4.0,,33.0,9.3,,,
,Spielberg,2001-05-13,Spring,14.5,6.3,21.5,0.0,0.0,,7.2,,,666.0
,Monte-Carlo,2001-05-27,Spring,21.7,19.4,24.6,0.0,,83.0,9.3,,1021.7,
,Montreal,2001-06-10,Summer,15.8,10.4,20.9,0.8,0.0,239.0,22.9,,1008.0,
,Nürburg,2001-06-24,Summer,16.7,9.9,23.3,0.0,0.0,255.5,10.8,27.9,1021.0,584.0
,Magny Cours,2001-07-01,Summer,21.0,14.7,26.8,0.0,,227.1,13.0,,1025.4,
,Hockenheim,2001-07-29,Summer,21.3,16.9,27.3,0.2,0.0,313.1,9.8,31.1,1020.5,546.0
12843,Budapest,2001-08-19,Summer,27.0,19.6,32.4,,,,,,,
,Spa,2001-09-02,Autumn,14.3,10.6,16.5,,,,,,,
,Monza,2001-09-16,Autumn,13.3,9.7,16.3,6.6,,,,,,
72438,Indianapolis,2001-09-30,Autumn,15.0,7.8,22.2,0.0,0.0,,10.8,,1025.2,
,Suzuka,2001-10-14,Autumn,18.5,17.2,23.9,2.8,,9.0,8.6,,1016.8,
,Melbourne,2000-03-12,Spring,22.0,18.3,26.0,3.8,,,,,,
83780,São Paulo,2000-03-26,Autumn,21.2,19.7,25.1,0.0,,,,,,
,Imola,2000-04-09,Spring,7.3,4.1,9.7,21.2,863.7,,,,,
,Montmeló,2000-05-07,Spring,16.9,12.7,21.6,6.3,,,,,,
,Nürburg,2000-05-21,Spring,11.7,5.5,16.1,3.5,0.0,228.4,8.4,36.4,1008.5,348.5
,Monte-Carlo,2000-06-04,Summer,22.9,19.9,24.9,0.0,,71.0,8.1,,,
,Montreal,2000-06-18,Summer,15.5,10.2,20.9,0.8,0.0,247.0,20.1,,1011.1,
,Magny Cours,2000-07-02,Summer,21.6,15.9,28.5,2.9,,183.0,11.3,,1010.8,
,Spielberg,2000-07-16,Summer,12.6,9.7,16.9,3.5,0.0,,,,,54.0
,Hockenheim,2000-07-30,Summer,16.5,13.3,20.0,1.7,0.0,276.9,12.9,33.7,1020.1,97.0
12843,Budapest,2000-08-13,Summer,26.6,20.0,34.6,,,,,,,
,Spa,2000-08-27,Summer,17.5,,22.3,1.0,,,,,,
,Monza,2000-09-10,Autumn,18.5,13.7,22.3,28.7,,,35.8,,,
72438,Indianapolis,2000-09-24,Autumn,15.0,12.8,17.2,5.8,0.0,39.0,17.6,,1014.4,0.0
,Suzuka,2000-10-08,Autumn,20.5,17.0,23.3,7.2,,7.0,6.4,,1020.8,
,Kuala Lumpur,2000-10-22,Autumn,27.4,24.4,32.1,14.1,,,4.5,,,
,Melbourne,1999-03-07,Spring,22.2,16.3,23.4,2.2,,,12.8,,,
83780,São Paulo,1999-04-11,Autumn,19.8,16.5,,,,,,,,
,Imola,1999-05-02,Spring,15.4,5.9,12.8,0.2,,,,,,
,Monte-Carlo,1999-05-16,Spring,18.9,17.0,21.6,0.0,,,11.4,,1010.3,
,Montmeló,1999-05-30,Spring,22.2,14.9,26.5,0.1,,,11.3,,,
,Montreal,1999-06-13,Summer,18.8,10.5,23.0,2.1,0.0,247.0,15.9,,1022.5,
,Magny Cours,1999-06-27,Summer,17.4,14.9,22.3,4.4,,242.0,15.7,,,
,Spielberg,1999-07-25,Summer,16.8,11.3,24.2,0.0,0.0,,3.8,,,720.0
,Hockenheim,1999-08-01,Summer,22.7,14.5,29.4,0.0,0.0,83.2,11.5,37.8,1017.5,807.5
12843,Budapest,1999-08-15,Summer,19.9,11.9,27.0,0.0,,198.0,7.5,,1010.9,
,Spa,1999-08-29,Summer,18.6,12.9,22.8,0.0,,,,,,
,Monza,1999-09-12,Autumn,19.0,10.9,19.4,0.9,,,,,,
,Nürburg,1999-09-26,Autumn,14.6,12.6,18.3,3.7,0.0,193.1,11.5,33.7,1005.6,55.0
,Kuala Lumpur,1999-10-17,Autumn,27.4,23.6,32.0,6.6,,,,,,
,Suzuka,1999-10-31,Autumn,17.0,11.4,19.4,0.0,,20.0,12.1,,1022.4,
,Melbourne,1998-03-08,Spring,21.1,15.7,24.3,6.2,,311.0,15.9,,1007.4,
83780,São Paulo,1998-03-29,Autumn,23.0,,,,,,,,,
87582,Buenos Aires,1998-04-12,Autumn,18.8,,,,,,,,,
,Imola,1998-04-26,Spring,13.5,3.5,14.2,0.7,71.0,180.0,9.5,,1015.0,
,Montmeló,1998-05-10,Spring,19.8,14.0,23.6,3.9,,,,,,
,Monte-Carlo,1998-05-24,Spring,19.1,,,0.0,,,,,,
,Montreal,1998-06-07,Summer,12.9,9.5,20.1,0.0,0.0,201.0,12.0,,1016.0,
,Magny Cours,1998-06-28,Summer,18.6,13.2,23.3,0.9,,,13.0,,1018.6,
,Spielberg,1998-07-26,Summer,20.6,15.3,26.8,0.3,0.0,,5.9,,1016.4,690.0
,Hockenheim,1998-08-02,Summer,16.4,14.1,20.2,0.7,0.0,222.6,9.4,26.5,1019.3,90.0
12843,Budapest,1998-08-16,Summer,25.6,,,,,,,,,
,Spa,1998-08-30,Summer,14.7,10.0,17.0,0.8,,,,,,
,Monza,1998-09-13,Autumn,14.1,5.7,12.4,11.2,,273.0,39.0,,,
,Nürburg,1998-09-27,Autumn,15.2,12.3,19.5,2.2,0.0,145.6,9.1,27.3,1003.1,165.5
,Suzuka,1998-11-01,Autumn,17.5,16.0,21.5,4.5,,350.0,6.8,,1014.6,
,Melbourne,1997-03-09,Spring,16.8,16.1,22.9,0.0,,,,,,
83780,São Paulo,1997-03-30,Autumn,19.0,15.8,23.0,0.0,,,,,,
87582,Buenos Aires,1997-04-13,Autumn,23.1,17.9,,0.0,,,,,,
,Imola,1997-04-27,Spring,10.2,2.0,8.5,14.8,,,,,,
,Monte-Carlo,1997-05-11,Spring,15.3,12.9,18.7,0.0,,,,,,
,Montmeló,1997-05-25,Spring,20.4,15.9,23.5,4.4,,,,,,
,Montreal,1997-06-15,Summer,16.6,11.3,21.1,0.1,0.0,282.5,17.4,,1006.4,
,Magny Cours,1997-06-29,Summer,15.3,12.6,19.0,8.9,,,6.2,,1004.1,
,Hockenheim,1997-07-27,Summer,18.9,14.2,24.2,0.8,0.0,237.4,19.7,56.3,1014.1,341.5
12843,Budapest,1997-08-10,Summer,20.9,15.3,27.5,0.3,,,,,,
,Spa,1997-08-24,Summer,24.9,18.8,29.4,2.2,,,,,,
,Monza,1997-09-07,Autumn,21.4,12.6,20.1,2.6,,,,,,
,Spielberg,1997-09-21,Autumn,11.5,7.5,17.5,0.0,0.0,,5.1,,1025.2,114.0
,Nürburg,1997-09-28,Autumn,11.9,4.5,19.8,0.0,0.0,126.3,6.1,19.8,1017.5,594.0
,Suzuka,1997-10-12,Autumn,14.6,18.3,19.9,0.3,,2.0,11.0,,1009.0,
,Jerez de la Frontera,1997-10-26,Autumn,18.5,13.8,21.9,2.2,,,,,,
,Melbourne,1996-03-10,Spring,16.7,16.1,23.7,4.8,,159.0,25.0,,1022.1,
83780,São Paulo,1996-03-31,Autumn,25.6,,29.7,0.0,,,,,,
87582,Buenos Aires,1996-04-07,Autumn,17.3,,24.5,0.0,,,,,,
,Nürburg,1996-04-28,Spring,12.0,7.9,18.0,2.3,0.0,138.6,9.7,34.1,1008.2,372.5
,Imola,1996-05-05,Spring,13.9,4.0,9.5,0.2,,,,,,
,Monte-Carlo,1996-05-19,Spring,16.8,,18.9,0.0,,,,,,
,Montmeló,1996-06-02,Summer,18.1,14.1,22.3,3.7,,307.0,11.4,,1017.7,
,Montreal,1996-06-16,Summer,14.5,11.3,19.1,0.4,0.0,,,,,
,Magny Cours,1996-06-30,Summer,17.0,11.8,21.4,0.6,,,,,,
,Hockenheim,1996-07-28,Summer,18.0,13.5,22.8,0.9,0.0,282.8,6.7,23.8,1017.5,288.0
12843,Budapest,1996-08-11,Summer,21.9,15.1,28.0,0.0,,,,,,
,Spa,1996-08-25,Summer,14.6,12.3,20.0,4.2,,,,,,
,Monza,1996-09-08,Autumn,13.4,4.4,15.0,0.0,,,11.1,,,
,Estoril,1996-09-22,Autumn,18.2,12.5,22.2,1.8,,,8.1,,1016.4,
,Suzuka,1996-10-13,Autumn,19.3,16.5,23.8,13.5,,27.0,7.2,,1018.9,
83780,São Paulo,1995-03-26,Autumn,19.4,17.0,,29.6,,,,,,
87582,Buenos Aires,1995-04-09,Autumn,19.2,16.9,27.7,37.1,,169.0,10.1,,,
,Imola,1995-04-30,Spring,11.5,4.2,9.6,2.4,,,,,,
,Montmeló,1995-05-14,Spring,17.6,9.9,22.8,1.6,,,,,,
,Monte-Carlo,1995-05-28,Spring,17.4,13.9,19.8,0.0,,,,,,
,Montreal,1995-06-11,Summer,17.1,10.4,21.9,0.5,0.0,162.3,16.3,,1020.5,
,Magny Cours,1995-07-02,Summer,20.9,17.2,26.6,6.5,,,9.1,,1008.0,
,Hockenheim,1995-07-30,Summer,23.7,16.1,30.1,0.0,0.0,70.1,9.0,33.9,1017.3,810.0
12843,Budapest,1995-08-13,Summer,21.4,12.9,28.0,0.0,,,,,,
,Spa,1995-08-27,Summer,16.1,15.0,19.2,4.8,,,,,,
,Monza,1995-09-10,Autumn,17.1,7.9,15.9,0.9,,,,,,
,Estoril,1995-09-24,Autumn,19.7,13.0,23.2,0.0,,42.5,14.0,,1031.2,
,Nürburg,1995-10-01,Autumn,9.2,3.4,12.1,2.2,0.0,216.0,11.7,30.7,1011.6,155.0
,Okayama,1995-10-22,Autumn,18.1,13.5,22.9,2.0,,8.0,16.3,,1017.2,
,Suzuka,1995-10-29,Autumn,17.4,12.8,20.4,1.6,,350.0,12.2,,1019.5,
95678,Adelaide,1995-11-12,Spring,,5.4,19.3,,,,,,,
83780,São Paulo,1994-03-27,Autumn,19.4,,25.1,11.0,,,,,,
,Okayama,1994-04-17,Spring,16.0,15.0,22.1,0.2,,,,,,
,Imola,1994-05-01,Spring,15.1,6.7,16.1,0.0,10.0,,,,,
,Monte-Carlo,1994-05-15,Spring,16.3,12.6,19.3,0.0,,,,,,
,Montmeló,1994-05-29,Spring,21.1,15.1,25.9,0.1,,,,,,
,Montreal,1994-06-12,Summer,14.8,11.6,18.6,1.2,0.0,,8.1,,1008.3,
,Magny Cours,1994-07-03,Summer,23.9,17.0,30.6,0.1,,,,,,
,Hockenheim,1994-07-31,Summer,26.0,18.6,33.2,0.1,0.0,115.0,7.2,35.0,1010.4,672.0
12843,Budapest,1994-08-14,Summer,19.7,16.3,23.3,2.0,,,,,,
,Spa,1994-08-28,Summer,15.1,11.8,19.3,0.0,,,,,,
,Monza,1994-09-11,Autumn,19.6,11.2,20.3,0.4,,,3.6,,,
,Estoril,1994-09-25,Autumn,16.8,11.4,18.6,4.2,,,10.3,,1016.2,
,Jerez de la Frontera,1994-10-16,Autumn,19.7,15.8,21.9,3.4,,,,,,
,Suzuka,1994-11-06,Autumn,16.4,13.4,19.6,9.3,,342.0,11.1,,1020.5,
95678,Adelaide,1994-11-13,Spring,,4.1,10.7,,,,,,,
,Midrand,1993-03-14,Spring,22.3,16.6,30.0,2.2,,,,,,
83780,São Paulo,1993-03-28,Autumn,22.3,19.0,28.0,2.3,,,3.7,,,
,Imola,1993-04-25,Spring,12.1,5.4,9.8,13.4,,,,,,
,Montmeló,1993-05-09,Spring,18.2,11.8,23.3,2.9,,,11.4,,1013.8,
,Monte-Carlo,1993-05-23,Spring,16.9,12.7,21.3,0.0,,,,,,
,Montreal,1993-06-13,Summer,12.8,7.8,18.6,2.3,0.0,320.0,16.7,,1016.8,
,Magny Cours,1993-07-04,Summer,22.7,15.3,29.2,0.0,,,4.5,,1023.0,
,Hockenheim,1993-07-25,Summer,15.6,12.9,21.2,4.7,0.0,236.9,17.0,64.4,1003.9,319.0
12843,Budapest,1993-08-15,Summer,26.1,18.2,32.5,0.0,,,,,,
,Spa,1993-08-29,Summer,13.4,6.9,19.2,0.0,,,,,,
,Monza,1993-09-12,Autumn,17.2,8.8,17.0,2.7,,,,,,
,Estoril,1993-09-26,Autumn,15.0,8.2,19.4,0.1,,,14.9,,1028.2,
,Suzuka,1993-10-24,Autumn,14.0,10.6,18.5,8.4,,,,,,
95678,Adelaide,1993-11-07,Spring,,6.6,16.4,,,,,,,
,Midrand,1992-03-01,Spring,23.3,15.9,32.1,2.4,,,,,,
,Mexico City,1992-03-22,Spring,23.0,13.1,30.1,0.0,,,,,,
83780,São Paulo,1992-04-05,Autumn,,,,0.0,,,,,,
,Montmeló,1992-05-03,Spring,14.6,9.9,16.7,1.8,,183.0,26.4,,1014.3,
,Imola,1992-05-17,Spring,17.4,12.6,21.5,13.5,40.5,209.0,9.7,,,
,Monte-Carlo,1992-05-31,Spring,19.9,,,2.0,,,,,,
,Montreal,1992-06-14,Summer,17.8,12.6,21.4,3.6,0.0,173.0,21.7,,1013.4,
,Magny Cours,1992-07-05,Summer,16.2,13.7,20.2,5.3,,308.8,16.7,,,
,Hockenheim,1992-07-26,Summer,20.6,14.6,26.0,0.0,0.0,238.1,8.7,33.9,1019.4,429.0
12843,Budapest,1992-08-16,Summer,21.5,15.5,27.3,,,,,,,
,Spa,1992-08-30,Summer,13.8,11.6,18.3,12.6,,,,,,
,Monza,1992-09-13,Autumn,19.3,12.3,21.9,0.0,,,6.6,,1018.2,
,Estoril,1992-09-27,Autumn,17.6,10.2,17.7,0.3,,,,,,
,Suzuka,1992-10-25,Autumn,15.1,16.5,19.2,2.5,,346.0,8.9,,1005.0,
95678,Adelaide,1992-11-08,Spring,,15.5,,,,,,,,
72278,Phoenix,1991-03-10,Spring,20.6,15.0,25.6,0.0,0.0,,8.6,18.4,1011.2,556.0
83780,São Paulo,1991-03-24,Autumn,20.3,,23.0,1.4,,,,,,
,Imola,1991-04-28,Spring,8.0,4.2,11.4,1.1,803.7,304.0,8.9,,1015.1,
,Monte-Carlo,1991-05-12,Spring,14.6,10.0,20.2,0.0,,,12.2,,,
,Montreal,1991-06-02,Summer,15.3,10.6,21.1,0.0,0.0,,11.8,,1009.4,
,Mexico City,1991-06-16,Summer,24.0,13.7,29.4,1.8,,,,,,
,Magny Cours,1991-07-07,Summer,21.6,15.0,27.5,1.5,,252.0,10.3,,,
,Hockenheim,1991-07-28,Summer,20.3,12.3,25.8,0.0,0.0,52.5,9.3,32.1,1018.6,776.0
12843,Budapest,1991-08-11,Summer,24.8,17.3,29.1,0.0,,,,,,
,Spa,1991-08-25,Summer,17.8,11.9,23.8,0.0,,,,,,
,Monza,1991-09-08,Autumn,18.8,14.8,22.4,0.1,,201.0,8.4,,,
,Estoril,1991-09-22,Autumn,20.7,15.8,24.8,0.0,,27.0,25.0,,1025.5,
,Montmeló,1991-09-29,Autumn,16.6,13.2,19.5,11.8,,,11.0,,,
,Suzuka,1991-10-20,Autumn,14.5,14.1,19.4,0.0,,51.0,11.5,,1015.3,
95678,Adelaide,1991-11-03,Spring,,7.0,16.0,,,,,,,
72278,Phoenix,1990-03-11,Spring,12.7,9.4,17.8,2.5,0.0,194.0,13.3,40.7,1012.1,398.0
83780,São Paulo,1990-03-25,Autumn,23.3,,,0.0,,,,,,
,Imola,1990-05-13,Spring,14.3,9.3,17.6,3.0,,,,,,
,Monte-Carlo,1990-05-27,Spring,17.8,14.9,21.8,7.1,,,,,,
,Montreal,1990-06-10,Summer,15.1,9.5,20.0,0.1,0.0,112.5,16.0,,1011.6,
,Mexico City,1990-06-24,Summer,20.9,18.8,32.7,2.9,,,,,,
,Le Castellet,1990-07-08,Summer,19.8,15.4,24.6,0.8,,332.0,26.4,,,
,Hockenheim,1990-07-29,Summer,20.5,16.9,27.2,1.9,0.0,274.1,8.6,34.0,1018.6,225.0
12843,Budapest,1990-08-12,Summer,21.1,13.1,28.7,0.0,,,,,,
,Spa,1990-08-26,Summer,19.8,13.9,25.8,0.0,,,,,,
,Monza,1990-09-09,Autumn,18.2,13.6,22.0,0.0,,,8.2,,,
,Estoril,1990-09-23,Autumn,18.2,14.7,20.7,1.2,,50.0,13.2,,1021.3,
,Jerez de la Frontera,1990-09-30,Autumn,22.3,18.7,26.3,0.6,,,,,,
,Suzuka,1990-10-21,Autumn,17.6,13.1,23.2,0.0,,,,,,
95678,Adelaide,1990-11-04,Spring,,19.0,25.0,,,,,,,
,Sakhir,2010-03-14,Spring,26.7,20.0,35.4,,,,,,,
95866,Melbourne,2010-03-28,Autumn,,16.7,26.4,0.0,,,,,,
,Kuala Lumpur,2010-04-04,Spring,28.0,24.4,32.6,12.1,,141.0,6.9,,,
58362,Shanghai,2010-04-18,Spring,17.3,12.2,22.3,1.2,,,,,,
,Montmeló,2010-05-09,Spring,17.9,13.1,22.7,2.6,,,10.6,,1003.2,
,Monte-Carlo,2010-05-16,Spring,17.2,14.2,19.6,0.0,,301.0,13.9,,1007.8,
,Istanbul,2010-05-30,Spring,22.9,13.8,28.1,0.2,,249.3,8.1,,1010.2,
,Montreal,2010-06-13,Summer,15.8,11.5,20.7,0.2,0.0,120.5,12.4,,1016.6,
08285,Valencia,2010-06-27,Summer,,18.6,28.4,0.0,,,,,,
80472,Valencia,2010-06-27,Summer,27.4,,,,,,,,,
,Hockenheim,2010-07-25,Summer,16.4,10.6,22.0,1.1,0.0,281.5,14.0,39.2,1014.1,545.5
12843,Budapest,2010-08-01,Summer,23.8,17.5,29.7,0.0,,302.0,7.1,,1015.8,
,Spa,2010-08-29,Summer,13.2,,17.8,6.1,,,,,,
,Monza,2010-09-12,Autumn,18.3,14.4,23.0,1.2,,153.0,7.6,,1016.9,
,Marina Bay,2010-09-26,Autumn,28.7,24.7,32.5,7.9,,,6.3,,,
,Suzuka,2010-10-10,Autumn,20.9,16.9,26.7,24.3,,292.0,5.5,,1006.7,
83780,São Paulo,2010-11-07,Spring,19.2,14.9,25.1,7.9,,,8.7,,,
41217,Abu Dhabi,2010-11-14,Autumn,26.2,21.7,30.8,,,,,,,
83746,Rio de Janeiro,1989-03-26,Autumn,28.8,23.0,38.0,,,,6.7,,,
,Imola,1989-04-23,Spring,8.5,2.4,12.3,0.5,870.3,,,,,
,Monte-Carlo,1989-05-07,Spring,17.6,15.0,20.3,0.0,,,,,,
,Mexico City,1989-05-28,Spring,19.0,14.7,29.2,6.9,,,,,,
72278,Phoenix,1989-06-04,Summer,31.0,22.8,38.3,0.0,0.0,257.0,14.8,37.1,1006.1,855.0
,Montreal,1989-06-18,Summer,16.5,11.8,21.7,4.3,0.0,228.3,16.8,,1015.5,
,Le Castellet,1989-07-09,Summer,19.9,16.7,24.0,2.4,,266.0,13.5,,,
,Hockenheim,1989-07-30,Summer,18.4,14.3,25.2,10.4,0.0,180.3,13.5,59.0,1007.8,172.0
12843,Budapest,1989-08-13,Summer,21.0,17.3,25.0,,,,,,,
,Spa,1989-08-27,Summer,14.1,12.9,16.3,5.0,,,,,,
,Monza,1989-09-10,Autumn,16.8,12.6,20.1,0.3,,,8.3,,,
,Estoril,1989-09-24,Autumn,18.8,10.5,25.3,0.0,,16.0,20.9,,1021.0,
,Jerez de la Frontera,1989-10-01,Autumn,18.5,12.4,24.6,0.4,,,10.3,,,
,Suzuka,1989-10-22,Autumn,16.4,10.6,20.5,2.7,,,,,,
,Adelaide,1989-11-05,Autumn,19.6,17.2,27.6,4.5,,,,,,
83746,Rio de Janeiro,1988-04-03,Autumn,23.8,22.0,28.0,,,,3.8,,,
,Imola,1988-05-01,Spring,11.6,7.1,13.9,4.6,536.7,,,,,
,Monte-Carlo,1988-05-15,Spring,18.1,,20.1,0.3,,,,,,
,Mexico City,1988-05-29,Spring,24.5,15.6,31.8,6.6,,,,,,
,Montreal,1988-06-12,Summer,15.5,10.0,20.8,0.3,0.0,201.0,12.2,,1015.0,
,Le Castellet,1988-07-03,Summer,16.2,12.5,20.2,5.9,,,,,,
,Hockenheim,1988-07-24,Summer,19.2,16.3,26.0,6.1,0.0,225.4,12.6,60.4,1012.9,239.5
12843,Budapest,1988-08-07,Summer,19.6,11.4,,0.0,,,,,,
,Spa,1988-08-28,Summer,19.8,16.8,26.6,4.8,,,,,,
,Monza,1988-09-11,Autumn,19.0,13.7,22.2,0.0,,,11.0,,,
,Estoril,1988-09-25,Autumn,21.0,12.8,27.2,0.0,,152.0,15.2,,1023.0,
,Jerez de la Frontera,1988-10-02,Autumn,18.8,11.6,24.8,2.4,,,,,,
,Suzuka,1988-10-30,Autumn,11.7,7.8,15.4,1.1,,,,,,
,Adelaide,1988-11-13,Autumn,20.2,18.3,31.3,0.0,,,,,,
83746,Rio de Janeiro,1987-04-12,Autumn,29.2,,,,,,,,,
,Imola,1987-05-03,Spring,13.5,8.1,16.1,6.3,595.5,,,,,
,Spa,1987-05-17,Spring,9.3,3.3,14.5,3.7,,,,,,
,Monte-Carlo,1987-05-31,Spring,18.8,17.0,21.0,0.0,,70.0,13.1,,,
,Le Castellet,1987-07-05,Summer,23.3,16.5,29.2,0.6,,,7.5,,,
,Hockenheim,1987-07-26,Summer,11.9,8.7,15.9,2.6,0.0,263.3,18.9,49.5,1013.2,488.5
12843,Budapest,1987-08-09,Summer,18.4,9.6,25.5,0.0,,,,,,
,Spielberg,1987-08-16,Summer,17.6,12.9,22.8,0.2,0.0,,4.4,,,
,Monza,1987-09-06,Autumn,18.7,14.0,21.5,4.4,,,,,,
,Estoril,1987-09-20,Autumn,22.7,17.0,27.9,4.1,,246.0,19.5,,,
,Jerez de la Frontera,1987-09-27,Autumn,20.2,16.2,24.4,0.8,,56.0,10.2,,,
,Mexico City,1987-10-18,Autumn,18.5,7.7,26.8,0.0,,,,,,
,Suzuka,1987-11-01,Autumn,16.3,11.3,17.5,0.5,,,,,,
,Adelaide,1987-11-15,Autumn,20.2,19.5,24.9,0.0,,,,,,
83746,Rio de Janeiro,1986-03-23,Autumn,26.8,22.0,35.0,,,,10.5,,,
,Jerez de la Frontera,1986-04-13,Spring,9.9,3.3,15.4,0.0,,,,,,
,Imola,1986-04-27,Spring,11.6,7.9,12.5,5.9,1169.5,,14.2,,,
,Monte-Carlo,1986-05-11,Spring,16.7,,19.0,0.0,,,,,,
,Spa,1986-05-25,Spring,15.1,7.7,21.7,0.0,,,,,,
,Montreal,1986-06-15,Summer,17.2,11.0,21.1,1.3,0.0,,,,,
,Le Castellet,1986-07-06,Summer,18.5,16.0,22.7,11.0,,276.0,21.7,,,
,Hockenheim,1986-07-27,Summer,19.6,14.6,24.7,0.0,0.0,239.3,6.3,29.2,1018.8,429.5
12843,Budapest,1986-08-10,Summer,23.7,16.8,30.3,0.0,,,,,,
,Spielberg,1986-08-17,Summer,21.8,16.0,28.9,4.7,0.0,,6.2,,,
,Monza,1986-09-07,Autumn,18.7,12.9,22.4,0.0,,,4.3,,,
,Estoril,1986-09-21,Autumn,22.7,17.0,26.0,0.7,,,,,,
,Mexico City,1986-10-12,Autumn,19.4,15.9,27.6,2.4,,,,,,
,Adelaide,1986-10-26,Autumn,18.3,15.2,22.0,0.0,,279.0,16.2,,,
83746,Rio de Janeiro,1985-04-07,Autumn,27.3,23.0,33.0,,,,8.3,,,
,Estoril,1985-04-21,Spring,12.4,8.4,14.7,4.8,,,,,,
,Imola,1985-05-05,Spring,11.3,6.6,13.0,1.6,1249.5,,12.3,,,
,Monte-Carlo,1985-05-19,Spring,15.7,13.7,18.8,,,,,,,
,Montreal,1985-06-16,Summer,15.8,9.4,20.1,2.4,0.0,254.5,20.8,,1015.9,
,Le Castellet,1985-07-07,Summer,19.5,12.4,25.7,0.0,,235.3,9.5,,,
,Nürburg,1985-08-04,Summer,15.4,10.7,19.7,1.5,0.0,233.7,14.3,44.1,1010.6,409.1
,Spielberg,1985-08-18,Summer,15.6,12.0,20.9,6.3,0.0,,6.4,,,
,Zandvoort,1985-08-25,Summer,14.0,11.0,18.3,2.2,0.0,211.6,22.8,,1007.8,612.0
,Monza,1985-09-08,Autumn,19.0,13.3,22.2,0.0,,,4.8,,,
,Spa,1985-09-15,Autumn,13.6,8.9,17.0,0.3,,,,,,
,Midrand,1985-10-19,Autumn,21.4,12.5,27.5,0.0,,,,,,
,Adelaide,1985-11-03,Autumn,18.5,17.4,24.4,0.0,,,,,,
83746,Rio de Janeiro,1984-03-25,Autumn,25.8,21.0,32.0,,,,6.0,,,
,Midrand,1984-04-07,Spring,21.3,14.4,28.4,4.6,,,,,,
,Heusden-Zolder,1984-04-29,Spring,9.1,2.9,13.8,0.0,,,,,,
,Imola,1984-05-06,Spring,13.4,8.5,15.9,0.4,1020.3,,9.6,,,
07280,Dijon,1984-05-20,Spring,12.0,3.6,,0.0,,,,,,
,Monte-Carlo,1984-06-03,Summer,15.1,,18.2,,,,,,,
,Montreal,1984-06-17,Summer,15.3,9.5,20.5,0.0,0.0,,17.4,,1022.2,
,Hockenheim,1984-08-05,Summer,18.2,16.0,22.3,2.9,0.0,208.2,9.4,37.7,1017.2,217.1
,Spielberg,1984-08-19,Summer,16.8,12.2,22.0,0.0,0.0,,4.7,,,
,Zandvoort,1984-08-26,Summer,17.4,12.7,21.1,0.0,0.0,325.0,9.8,,1015.8,30.0
,Monza,1984-09-09,Autumn,16.4,11.4,19.0,0.9,,337.0,14.0,,,
,Nürburg,1984-10-07,Autumn,10.2,7.4,14.1,2.8,0.0,250.4,19.5,48.7,1020.4,292.9
,Estoril,1984-10-21,Autumn,16.2,9.2,20.4,0.0,,189.0,20.2,,,
83746,Rio de Janeiro,1983-03-13,Autumn,27.1,23.0,32.0,,,,10.6,,,
,Le Castellet,1983-04-17,Spring,12.7,9.0,16.1,3.3,,,8.8,,,
,Imola,1983-05-01,Spring,14.6,8.3,15.1,3.9,340.0,,15.6,,,
,Monte-Carlo,1983-05-15,Spring,17.7,16.0,20.8,6.1,,37.0,16.1,,,
,Spa,1983-05-22,Spring,10.2,5.9,14.9,0.2,,,,,,
,Montreal,1983-06-12,Summer,12.8,10.4,18.4,2.5,0.0,285.5,19.6,,1011.0,
,Hockenheim,1983-08-07,Summer,18.0,12.5,23.4,0.0,0.0,89.6,6.2,25.7,1021.8,457.6
,Spielberg,1983-08-14,Summer,16.3,10.8,22.0,0.0,0.0,,6.8,,,
,Zandvoort,1983-08-28,Summer,16.5,13.2,19.7,0.0,0.0,22.5,15.4,,1023.6,432.0
,Monza,1983-09-11,Autumn,19.9,13.6,21.3,3.1,,166.0,25.9,,,
,Midrand,1983-10-15,Autumn,21.9,14.0,28.0,1.9,,,,,,
,Midrand,1982-01-23,Winter,23.6,15.8,29.0,0.0,,,,,,
83746,Rio de Janeiro,1982-03-21,Autumn,26.8,,,,,,,,,
,Imola,1982-04-25,Spring,7.1,0.9,8.4,2.1,436.7,,,,,
,Heusden-Zolder,1982-05-09,Spring,10.0,6.1,14.2,0.0,,,,,,
,Monte-Carlo,1982-05-23,Spring,18.9,15.9,21.7,2.0,,,,,,
,Montreal,1982-06-13,Summer,15.4,9.8,19.6,0.2,0.0,114.0,13.8,,1019.9,
,Zandvoort,1982-07-03,Summer,16.5,13.5,20.2,3.0,0.0,285.8,17.4,,1007.2,42.0
,Le Castellet,1982-07-25,Summer,18.5,14.3,23.3,1.7,,321.5,19.0,,,
,Hockenheim,1982-08-08,Summer,20.0,16.2,24.7,0.2,0.0,297.6,7.9,29.9,1016.0,219.8
,Spielberg,1982-08-15,Summer,21.4,14.4,28.7,6.6,0.0,,4.8,,,
07280,Dijon,1982-08-29,Summer,18.0,11.3,24.4,0.0,,,,,,
,Monza,1982-09-12,Autumn,19.6,15.6,19.0,1.6,,,7.0,,,
83746,Rio de Janeiro,1981-03-29,Autumn,23.6,,,,,,,,,
87582,Buenos Aires,1981-04-12,Autumn,20.1,18.0,25.0,0.0,,,,,,
,Imola,1981-05-03,Spring,10.1,6.7,12.2,6.9,90.0,197.0,9.0,,,
,Heusden-Zolder,1981-05-17,Spring,10.9,8.0,15.2,3.2,,,,,,
,Monte-Carlo,1981-05-31,Spring,20.3,,,0.0,,,,,,
08222,Madrid,1981-06-21,Summer,,17.8,31.4,0.0,,,,,,
07280,Dijon,1981-07-05,Summer,19.0,,,0.0,,,,,,
,Hockenheim,1981-08-02,Summer,16.9,13.2,22.2,4.6,0.0,188.4,7.8,34.4,1021.7,159.3
,Spielberg,1981-08-16,Summer,22.0,14.7,29.4,7.6,0.0,,6.8,,,
,Zandvoort,1981-08-30,Summer,14.9,10.3,19.4,0.0,0.0,29.0,8.5,,1018.8,474.0
,Monza,1981-09-13,Autumn,19.0,14.3,22.6,0.3,,,7.2,,,
,Montreal,1981-09-27,Autumn,11.6,7.0,15.7,1.3,0.0,234.0,14.1,,1023.3,
87582,Buenos Aires,1980-01-13,Summer,25.6,23.0,28.0,0.0,,,,,,
83780,São Paulo,1980-01-27,Summer,22.0,19.0,26.0,3.9,,,10.0,,,
,Midrand,1980-03-01,Spring,20.1,18.2,28.9,8.5,,,,,,
,Heusden-Zolder,1980-05-04,Spring,9.3,4.4,13.2,0.0,,,,,,
,Monte-Carlo,1980-05-18,Spring,13.9,11.0,17.0,0.0,,347.0,9.7,,,
,Le Castellet,1980-06-29,Summer,15.5,12.9,20.0,1.7,,,,,,
,Hockenheim,1980-08-10,Summer,16.3,11.4,21.3,0.0,0.0,264.6,8.3,27.0,1019.0,526.4
,Spielberg,1980-08-17,Summer,19.3,16.1,23.0,1.0,0.0,,,,,
,Zandvoort,1980-08-31,Summer,14.3,12.0,16.7,3.1,0.0,315.0,23.4,,1012.8,60.0
,Imola,1980-09-14,Autumn,18.6,13.1,21.8,0.3,,319.0,24.7,,,
,Montreal,1980-09-28,Autumn,13.4,7.9,17.9,0.9,0.0,157.0,21.1,,1000.4,
87582,Buenos Aires,1979-01-21,Summer,25.2,22.0,,0.0,,,,,,
83780,São Paulo,1979-02-04,Summer,20.6,,,0.0,,,,,,
,Midrand,1979-03-03,Spring,19.0,16.4,23.9,1.6,,,,,,
08222,Madrid,1979-04-29,Spring,,5.4,16.2,0.0,,,,,,
,Heusden-Zolder,1979-05-13,Spring,15.7,9.7,21.2,0.0,,,,,,
,Monte-Carlo,1979-05-27,Spring,17.6,15.0,20.0,0.5,,126.0,10.4,,,
07280,Dijon,1979-07-01,Summer,14.9,13.0,18.0,0.0,,6.0,15.8,,,
,Hockenheim,1979-07-29,Summer,20.2,16.0,25.7,10.3,0.0,194.2,10.5,47.9,1011.1,306.5
,Spielberg,1979-08-12,Summer,14.3,11.4,18.6,1.6,0.0,214.0,5.9,,,
,Zandvoort,1979-08-26,Summer,13.5,9.2,17.9,2.3,0.0,293.5,12.6,,1009.6,228.0
,Monza,1979-09-09,Autumn,18.7,13.8,22.0,0.4,,,,,,
,Montreal,1979-09-30,Autumn,11.2,8.2,16.4,0.4,0.0,165.0,16.0,,1015.9,
87582,Buenos Aires,1978-01-15,Summer,24.9,,,0.0,,,,,,
83746,Rio de Janeiro,1978-01-29,Summer,30.6,,,,,,,,,
,Midrand,1978-03-04,Spring,22.3,19.4,30.3,2.4,,,,,,
,Monte-Carlo,1978-05-07,Spring,13.4,11.0,16.0,0.3,,,,,,
,Heusden-Zolder,1978-05-21,Spring,10.4,8.4,12.2,0.0,,,,,,
08222,Madrid,1978-06-04,Summer,,14.4,25.0,0.0,,,,,,
,Anderstorp,1978-06-17,Summer,10.4,6.3,14.9,0.0,0.0,73.0,30.4,,1015.3,864.0
,Le Castellet,1978-07-02,Summer,16.8,11.2,21.0,2.0,,265.4,16.7,,,
,Hockenheim,1978-07-30,Summer,23.6,16.4,29.9,0.0,0.0,94.4,12.2,34.6,1017.5,759.8
,Spielberg,1978-08-13,Summer,14.3,10.1,19.0,1.9,0.0,,3.0,,,
,Zandvoort,1978-08-27,Summer,13.2,9.7,16.4,5.4,0.0,304.6,20.7,,1020.7,390.0
,Monza,1978-09-10,Autumn,19.5,15.0,22.2,0.0,,,,,,
,Montreal,1978-10-08,Autumn,14.8,9.2,18.6,0.4,0.0,241.0,23.6,,1009.2,
87582,Buenos Aires,1977-01-09,Summer,30.2,,,,,,,,,
83780,São Paulo,1977-01-23,Summer,21.9,,,0.0,,,,,,
,Midrand,1977-03-05,Spring,18.8,17.6,24.3,11.7,,,,,,
08222,Madrid,1977-05-08,Spring,,10.4,22.0,0.0,,,,,,
,Monte-Carlo,1977-05-22,Spring,16.6,13.0,19.0,0.0,,34.0,12.3,,,
,Heusden-Zolder,1977-06-05,Summer,12.2,9.4,15.4,7.5,,,,,,
,Anderstorp,1977-06-19,Summer,17.0,12.9,23.4,1.6,0.0,301.0,13.3,,1008.7,684.0
07280,Dijon,1977-07-03,Summer,22.2,15.0,29.0,0.0,,,,,,
,Hockenheim,1977-07-31,Summer,16.3,14.2,21.8,6.4,0.0,193.7,18.1,45.1,1011.1,199.6
,Spielberg,1977-08-14,Summer,16.1,12.6,20.1,1.2,0.0,,,,,
,Zandvoort,1977-08-28,Summer,14.2,9.9,17.6,1.5,0.0,169.5,10.9,,1020.0,162.0
,Monza,1977-09-11,Autumn,17.5,12.7,21.5,0.0,,,,,,
,Ontario,1977-10-09,Autumn,14.8,6.3,14.2,2.9,0.0,183.5,18.4,,1014.8,
,Oyama,1977-10-23,Autumn,18.1,12.2,23.8,0.2,,,,,,
83780,São Paulo,1976-01-25,Summer,25.6,21.0,31.0,0.0,,,,,1009.8,
,Midrand,1976-03-06,Spring,21.1,18.9,28.5,3.2,,,,,,
08222,Madrid,1976-05-02,Spring,,7.0,20.4,0.0,,,,,,
,Heusden-Zolder,1976-05-16,Spring,13.7,10.0,18.6,0.0,,,,,,
,Monte-Carlo,1976-05-30,Spring,18.2,14.0,21.0,0.0,,,,,,
,Anderstorp,1976-06-13,Summer,14.3,10.5,17.7,1.3,0.0,270.0,28.8,,1014.4,342.0
,Le Castellet,1976-07-04,Summer,24.6,17.3,32.2,3.0,,135.3,10.0,,,
,Nürburg,1976-08-01,Summer,13.3,9.3,18.3,1.2,0.0,288.4,15.4,48.2,1016.6,555.0
,Spielberg,1976-08-15,Summer,16.7,10.5,23.4,0.0,0.0,,7.2,,,
,Zandvoort,1976-08-29,Summer,19.4,12.4,25.8,0.5,0.0,106.0,10.0,,1013.6,
,Monza,1976-09-12,Autumn,15.4,10.6,18.5,2.9,,173.0,18.2,,,
,Ontario,1976-10-03,Autumn,25.2,7.6,17.6,0.2,0.0,,,,,
,Oyama,1976-10-24,Autumn,18.3,15.1,21.7,4.3,,,,,,
87582,Buenos Aires,1975-01-12,Summer,22.6,18.0,,0.0,,,,,,
83780,São Paulo,1975-01-26,Summer,25.3,,,0.0,,,,,,
,Midrand,1975-03-01,Spring,,17.1,28.6,7.1,,,,,,
08181,Barcelona,1975-04-27,Spring,13.9,8.8,19.8,1.0,,,,,,
80419,Barcelona,1975-04-27,Spring,28.5,24.0,31.0,,,,,,,
,Monte-Carlo,1975-05-11,Spring,13.7,,15.0,11.9,,,,,,
,Heusden-Zolder,1975-05-25,Spring,12.1,6.1,17.0,0.1,,,,,,
,Anderstorp,1975-06-08,Summer,12.7,8.9,20.8,0.0,0.0,51.0,24.8,,1026.0,876.0
,Zandvoort,1975-06-22,Summer,17.6,15.5,20.4,7.7,0.0,23.0,19.1,,,
,Le Castellet,1975-07-06,Summer,18.3,13.0,23.7,0.3,,139.0,10.5,,,
,Nürburg,1975-08-03,Summer,21.3,13.7,28.0,0.0,0.0,283.4,8.2,25.4,1024.3,782.4
,Spielberg,1975-08-17,Summer,19.2,13.9,25.9,5.9,0.0,,10.0,,,
,Monza,1975-09-07,Autumn,18.6,14.7,21.1,6.3,,,,,,
87582,Buenos Aires,1974-01-13,Summer,27.1,,,,,,,,,
83780,São Paulo,1974-01-27,Summer,22.2,,,11.8,,,,,,
,Midrand,1974-03-30,Spring,18.8,13.7,22.6,1.0,,,,,,
08222,Madrid,1974-04-28,Spring,,5.8,14.4,0.7,,,,,,
06447,Brussels,1974-05-12,Spring,15.0,6.8,20.2,0.0,,,,,,
,Monte-Carlo,1974-05-26,Spring,17.6,14.0,20.0,0.0,,,,,,
,Anderstorp,1974-06-09,Summer,10.3,6.9,15.6,4.3,0.0,286.0,18.0,,1005.6,336.0
,Zandvoort,1974-06-23,Summer,17.5,12.0,23.1,0.1,0.0,8.7,14.3,,1013.8,
07280,Dijon,1974-07-07,Summer,18.3,12.0,23.0,0.0,,,,,,
,Nürburg,1974-08-04,Summer,19.8,15.8,27.0,6.3,0.0,109.2,10.4,40.8,1012.8,219.0
,Spielberg,1974-08-18,Summer,23.4,17.0,30.4,0.0,0.0,,,,,
,Monza,1974-09-08,Autumn,19.1,12.2,21.9,0.1,,,,,,
,Ontario,1974-09-22,Autumn,,10.5,22.2,14.4,0.0,,,,,
87582,Buenos Aires,1973-01-28,Summer,23.4,,,,,,,,,
83780,São Paulo,1973-02-11,Summer,27.9,23.0,33.0,0.0,,329.0,8.8,,,
,Midrand,1973-03-03,Spring,,17.8,26.8,1.0,,,,,,
08181,Barcelona,1973-04-29,Spring,14.8,13.0,18.0,0.0,,,,,,
,Heusden-Zolder,1973-05-20,Spring,16.9,11.4,21.1,0.5,,,,,,
,Monte-Carlo,1973-06-03,Summer,19.2,16.0,22.0,0.0,,,,,,
,Anderstorp,1973-06-17,Summer,14.0,6.2,18.6,0.0,0.0,16.0,8.6,,1020.2,870.0
,Le Castellet,1973-07-01,Summer,23.1,14.3,29.9,0.0,,,,,,
,Zandvoort,1973-07-29,Summer,16.2,14.5,18.8,0.1,0.0,,,,,
,Nürburg,1973-08-05,Summer,18.4,14.9,22.4,0.0,0.0,210.3,18.0,50.7,1012.4,111.6
,Spielberg,1973-08-19,Summer,21.5,14.1,29.4,0.0,0.0,,4.5,,,
,Monza,1973-09-09,Autumn,22.1,16.7,24.8,1.3,,,,,,
,Ontario,1973-09-23,Autumn,,8.2,15.9,1.4,0.0,,,,,
,Buenos Aires,1972-01-23,Winter,,17.8,31.8,5.3,0.0,,,37.1,,468.0
,Midrand,1972-03-04,Spring,,18.0,29.1,7.3,,,,,,
08222,Madrid,1972-05-01,Spring,,6.6,13.0,1.4,,,,,,
06447,Brussels,1972-06-04,Summer,,12.0,21.7,2.2,,,,,,
,Clermont-Ferrand,1972-07-02,Summer,,10.8,18.6,1.0,,,,,,
,Nürburg,1972-07-30,Summer,16.3,13.7,19.6,8.0,0.0,277.0,14.0,32.0,1012.0,79.8
,Spielberg,1972-08-13,Summer,,17.4,30.1,0.0,0.0,,,,,
,Monza,1972-09-10,Autumn,,8.4,15.8,6.2,,,,,,
,Ontario,1972-09-24,Autumn,,4.2,13.8,1.4,0.0,,,,,
,Midrand,1971-03-06,Spring,,17.0,28.9,0.2,,,,,,
08181,Barcelona,1971-04-18,Spring,,10.2,18.2,0.0,,,,,,
,Zandvoort,1971-06-20,Summer,13.3,9.7,15.4,7.6,0.0,,,,,
,Le Castellet,1971-07-04,Summer,,14.0,25.4,3.6,,,,,,
,Nürburg,1971-08-01,Summer,21.4,15.1,27.6,0.9,0.0,331.0,8.4,23.6,1015.1,658.8
,Spielberg,1971-08-15,Summer,,16.9,29.1,4.6,0.0,,,,,
,Monza,1971-09-05,Autumn,,11.7,20.1,0.0,,,,,,
,Ontario,1971-09-19,Autumn,,5.3,16.2,0.0,0.0,,,,,
,Midrand,1970-03-07,Spring,,16.0,28.7,1.9,,,,,,
08222,Madrid,1970-04-19,Spring,,9.6,17.2,0.0,,,,,,
,Spa,1970-06-07,Summer,,16.0,26.1,0.3,,,,,,
,Zandvoort,1970-06-21,Summer,22.6,12.2,24.6,6.8,0.0,,,,,
,Clermont-Ferrand,1970-07-05,Summer,,11.9,26.2,0.0,,,,,,
,Hockenheim,1970-08-02,Summer,20.6,16.2,25.6,1.2,0.0,60.2,11.6,31.6,1020.3,448.7
,Spielberg,1970-08-16,Summer,,13.6,25.5,10.7,0.0,,,,,
,Monza,1970-09-06,Autumn,20.8,16.1,23.1,0.0,,,,,,
,Quebec,1970-09-20,Autumn,,6.2,14.3,3.5,0.0,,,,,
,Mexico City,1970-10-25,Autumn,,9.3,23.9,0.0,,,,,,
,Midrand,1969-03-01,Spring,,20.0,30.4,12.5,,,,,,
08181,Barcelona,1969-05-04,Spring,,12.8,18.2,0.0,,,,,,
,Zandvoort,1969-06-21,Summer,15.1,10.7,19.3,1.9,0.0,,,,,
,Clermont-Ferrand,1969-07-06,Summer,,15.0,25.1,6.1,,,,,,
,Nürburg,1969-08-03,Summer,22.4,16.5,28.8,0.9,0.0,100.2,12.6,34.6,1016.5,583.5
,Monza,1969-09-07,Autumn,18.2,13.2,20.3,0.6,,,,,,
,Ontario,1969-09-20,Autumn,,4.9,14.4,1.6,0.0,,,,,
,Mexico City,1969-10-19,Autumn,,12.0,21.8,0.2,,,,,,
,Midrand,1968-01-01,Winter,,20.2,35.5,0.2,,,,,,
08222,Madrid,1968-05-12,Spring,,8.0,20.6,0.0,,,,,,
,Spa,1968-06-09,Summer,,9.6,18.9,0.0,,,,,,
,Zandvoort,1968-06-23,Summer,15.8,12.7,19.2,3.1,0.0,,,,,
,Rouen,1968-07-07,Summer,,14.1,25.9,2.8,,,,,,
,Nürburg,1968-08-04,Summer,18.2,12.2,23.8,0.6,0.0,56.0,12.5,40.9,1019.4,618.0
,Monza,1968-09-08,Autumn,19.0,13.7,21.0,1.6,,,,,,
,Quebec,1968-09-22,Autumn,,7.7,17.1,0.9,0.0,,,,,
,Mexico City,1968-11-03,Autumn,,8.0,21.4,0.0,,,,,,
,Midrand,1967-01-02,Winter,,15.9,24.6,0.4,,,,,,
,Zandvoort,1967-06-04,Summer,18.7,9.4,19.7,1.2,0.0,,,,,
,Spa,1967-06-18,Summer,,9.4,18.4,0.0,,,,,,
,Le Mans,1967-07-02,Summer,,16.3,26.5,3.0,,,,,,
,Nürburg,1967-08-06,Summer,15.0,9.1,19.7,0.0,0.0,290.2,11.0,24.5,1023.0,546.0
,Ontario,1967-08-27,Summer,,10.4,21.8,4.3,0.0,,,,,
,Monza,1967-09-10,Autumn,17.6,12.1,18.0,1.8,,342.0,11.5,,,
,Mexico City,1967-10-22,Autumn,,12.4,20.6,15.0,,,,,,
,Spa,1966-06-12,Summer,,14.2,23.2,0.2,,,,,,
,Reims,1966-07-03,Summer,,15.8,28.1,2.0,,,,,,
,Zandvoort,1966-07-24,Summer,20.1,12.2,22.2,4.8,0.0,,,,,
,Nürburg,1966-08-07,Summer,16.2,9.8,20.8,0.4,0.0,217.0,10.9,31.6,1010.1,228.7
,Monza,1966-09-04,Autumn,18.8,12.8,21.3,0.6,,,,,,
,Mexico City,1966-10-23,Autumn,,14.0,21.6,0.0,,,,,,
,Eastern Cape Province,1965-01-01,Winter,,17.9,32.8,0.5,,,,,,
,Spa,1965-06-13,Summer,,12.6,22.4,4.8,,,,,,
,Clermont-Ferrand,1965-06-27,Summer,,15.0,23.2,2.1,,,,,,
,Zandvoort,1965-07-18,Summer,14.6,12.1,18.7,0.3,0.0,,,,,
,Nürburg,1965-08-01,Summer,13.3,7.3,18.8,0.7,0.0,231.0,14.7,42.1,1008.9,526.7
,Monza,1965-09-12,Autumn,18.4,6.9,10.0,12.0,,,,,,
,Mexico City,1965-10-24,Autumn,,12.6,16.4,9.0,,,,,,
,Zandvoort,1964-05-24,Spring,19.4,11.1,24.1,0.0,0.0,,,,,
,Spa,1964-06-14,Summer,,11.7,21.8,5.0,,,,,,
,Rouen,1964-06-28,Summer,,15.4,25.5,0.0,,,,,,
,Nürburg,1964-08-02,Summer,13.6,10.4,17.9,2.5,0.0,292.0,24.9,63.7,1010.3,282.0
,Styria,1964-08-23,Summer,15.9,12.5,20.2,0.5,0.0,,,,,
,Monza,1964-09-06,Autumn,25.2,10.1,20.2,9.0,,,,,,
,Mexico City,1964-10-25,Autumn,,4.6,19.6,0.0,,,,,,
,Spa,1963-06-09,Summer,,13.3,28.0,0.0,,,,,,
,Zandvoort,1963-06-23,Summer,14.3,10.0,17.4,0.0,0.0,,,,,
,Reims,1963-06-30,Summer,,12.7,19.8,3.8,,,,,,
,Nürburg,1963-08-04,Summer,21.4,17.6,29.1,4.0,0.0,173.0,15.0,57.2,1009.4,424.7
,Monza,1963-09-08,Autumn,,4.9,13.8,0.5,,,,,,
,Mexico City,1963-10-27,Autumn,,9.1,23.9,0.0,,,,,,
,Eastern Cape Province,1963-12-28,Winter,,18.0,36.4,0.0,,,,,,
,Zandvoort,1962-05-20,Spring,10.9,6.9,13.7,0.6,0.0,,,,,
,Spa,1962-06-17,Summer,,9.3,23.2,0.0,,,,,,
,Rouen,1962-07-08,Summer,,11.9,27.1,0.3,,,,,,
,Nürburg,1962-08-05,Summer,17.1,13.0,23.0,4.2,0.0,283.0,10.8,31.2,1010.8,267.3
,Monza,1962-09-16,Autumn,,10.7,20.8,5.0,,,,,,
,Eastern Cape Province,1962-12-29,Winter,,15.6,28.6,0.4,,,,,,
,Zandvoort,1961-05-22,Spring,12.2,7.5,16.3,0.0,0.0,,,,,
,Spa,1961-06-18,Summer,,13.7,20.6,0.6,,,,,,
,Reims,1961-07-02,Summer,,17.6,30.6,0.0,,,,,,
,Nürburg,1961-08-06,Summer,20.1,15.6,26.4,3.8,0.0,274.0,12.4,37.0,1010.2,484.7
,Monza,1961-09-10,Autumn,,7.1,19.0,0.0,,,,,,
,Buenos Aires,1960-02-07,Winter,18.8,15.8,30.3,0.0,0.0,,,,,
72438,Indianapolis,1960-05-30,Spring,,14.4,23.9,6.6,0.0,,,38.9,,
,Zandvoort,1960-06-06,Summer,20.7,13.9,24.3,6.6,0.0,,,,,
,Spa,1960-06-19,Summer,,15.5,24.0,0.0,,,,,,
,Reims,1960-07-03,Summer,,11.7,23.3,0.0,,,,,,
,Oporto,1960-08-14,Summer,,16.3,26.7,0.0,,,,,,
,Monza,1960-09-04,Autumn,,9.5,18.0,7.6,,,,,,
72438,Indianapolis,1959-05-30,Spring,,18.3,26.7,0.0,0.0,,,31.3,,
,Zandvoort,1959-05-31,Spring,13.5,6.0,18.9,0.0,0.0,,,,,
,Reims,1959-07-05,Summer,22.1,16.6,30.6,0.0,,,,,,
10384,Berlin,1959-08-02,Summer,17.2,15.0,21.8,1.4,0.0,282.0,16.1,,1009.5,
,Lisbon,1959-08-23,Summer,,15.8,30.8,0.0,,,,,,
,Monza,1959-09-13,Autumn,,11.1,19.5,0.3,,,,,,
,Buenos Aires,1958-01-19,Winter,17.2,12.3,23.8,0.8,0.0,,,,,
,Zandvoort,1958-05-26,Spring,12.5,8.8,15.9,1.6,0.0,,,,,
72438,Indianapolis,1958-05-30,Spring,,10.6,26.1,0.0,0.0,,,35.3,,
,Spa,1958-06-15,Summer,,10.1,25.1,0.0,,,,,,
,Reims,1958-07-06,Summer,21.8,13.3,23.2,0.9,,,,,,
,Nürburg,1958-08-03,Summer,14.9,11.0,19.6,0.3,0.0,267.5,16.7,38.3,1022.5,528.7
,Oporto,1958-08-24,Summer,,14.7,26.7,0.0,,,,,,
,Monza,1958-09-07,Autumn,22.0,14.8,22.3,0.0,,,,,,
60155,Casablanca,1958-10-19,Autumn,20.4,17.8,23.9,,,,,,,
,Buenos Aires,1957-01-13,Winter,,10.0,22.7,2.8,0.0,,,,,
72438,Indianapolis,1957-05-30,Spring,,15.6,27.8,12.4,0.0,,,44.3,,
,Rouen,1957-07-07,Summer,26.5,16.5,30.1,0.8,,,,,,
,Nürburg,1957-08-04,Summer,15.6,12.5,19.9,0.0,0.0,301.0,8.7,19.5,1023.6,194.0
,Pescara,1957-08-18,Summer,23.2,13.0,21.3,6.5,,,,,,
,Monza,1957-09-08,Autumn,21.5,13.6,21.6,0.0,,,,,,
,Buenos Aires,1956-01-22,Winter,,14.6,25.4,0.0,0.0,,,,,
72438,Indianapolis,1956-05-30,Spring,,18.9,29.4,6.1,0.0,,,87.1,,
,Spa,1956-06-03,Summer,,11.4,18.7,0.0,,,,,,
,Reims,1956-07-01,Summer,20.6,14.8,22.8,8.4,,,,,,
,Nürburg,1956-08-05,Summer,14.0,10.1,19.1,2.6,0.0,286.0,6.2,25.1,1014.5,392.7
,Monza,1956-09-02,Autumn,25.6,14.8,22.6,20.7,,,,,,
,Buenos Aires,1955-01-16,Winter,,16.5,31.9,,,,,,,
72438,Indianapolis,1955-05-30,Spring,,7.8,18.9,0.0,0.0,,,51.8,,
,Spa,1955-06-05,Summer,,8.2,23.6,0.0,,,,,,
,Zandvoort,1955-06-19,Summer,17.9,9.4,24.7,2.6,0.0,,,,,
,Monza,1955-09-11,Autumn,19.5,9.5,15.6,5.3,,,,,,
,Buenos Aires,1954-01-17,Winter,,14.6,31.7,,,,,,,
72438,Indianapolis,1954-05-31,Spring,,16.7,31.7,6.6,0.0,,,88.6,,
,Spa,1954-06-20,Summer,,15.3,25.3,0.0,,,,,,
,Reims,1954-07-04,Summer,15.9,12.4,20.1,1.6,,,,,,
,Nürburg,1954-08-01,Summer,15.4,9.9,20.2,0.0,0.0,219.8,6.2,23.5,1016.4,253.3
,Bern,1954-08-22,Summer,12.5,8.8,13.2,18.6,1.7,,,,,0.0
,Monza,1954-09-05,Autumn,23.3,13.0,20.6,1.0,,,,,,
08181,Barcelona,1954-10-24,Autumn,,14.0,24.6,0.0,,,,,,
,Buenos Aires,1953-01-18,Winter,,12.6,,,,,,,,
72438,Indianapolis,1953-05-30,Spring,,17.2,32.8,0.0,0.0,,,53.3,,
,Zandvoort,1953-06-07,Summer,12.3,7.2,17.3,0.2,0.0,,,,,
,Spa,1953-06-21,Summer,,15.2,29.9,4.3,,,,,,
,Reims,1953-07-05,Summer,21.1,15.9,24.0,0.0,,,,,,
,Nürburg,1953-08-02,Summer,14.9,10.9,19.6,2.2,0.0,261.0,17.0,53.3,1015.0,520.3
,Bern,1953-08-23,Summer,,7.3,18.6,0.1,2.0,,,,,
,Monza,1953-09-13,Autumn,20.0,8.7,19.3,0.0,,,,,,
,Bern,1952-05-18,Spring,,5.2,17.0,0.0,0.0,,,,,
72438,Indianapolis,1952-05-30,Spring,,8.3,23.3,0.0,0.0,,,33.8,,
,Spa,1952-06-22,Summer,,12.6,18.1,0.7,,,,,,
,Rouen,1952-07-06,Summer,24.1,18.5,30.2,0.1,,,,,,
,Nürburg,1952-08-03,Summer,19.0,15.9,24.6,0.6,0.0,250.0,12.8,51.8,1014.5,471.8
,Zandvoort,1952-08-17,Summer,15.9,12.5,19.4,13.1,0.0,,,,,
,Monza,1952-09-07,Autumn,23.8,12.2,18.4,1.2,,,,,,
,Bern,1951-05-27,Spring,,7.8,12.9,10.0,0.0,,,,,
72438,Indianapolis,1951-05-30,Spring,,11.1,26.7,0.0,0.0,,,,,
,Spa,1951-06-17,Summer,,12.1,26.5,0.0,,,,,,
,Reims,1951-07-01,Summer,18.7,11.1,23.8,0.0,,,,,,
,Nürburg,1951-07-29,Summer,19.5,14.1,24.8,0.2,0.0,274.4,7.9,26.6,1021.8,590.2
,Monza,1951-09-16,Autumn,,14.2,22.2,0.0,,,,,,
08181,Barcelona,1951-10-28,Autumn,,8.4,21.2,0.0,,,,,,
72438,Indianapolis,1950-05-30,Spring,,15.0,27.2,8.6,0.0,,,,,
,Bern,1950-06-04,Summer,,10.4,22.9,1.0,0.0,,,,,
,Spa,1950-06-18,Summer,,12.4,22.3,0.0,,,,,,
,Reims,1950-07-02,Summer,23.4,15.3,30.5,3.1,,,,,,
,Monza,1950-09-03,Autumn,,,,6.0,,,,,,
95866,Melbourne,2011-03-27,Autumn,,12.9,19.3,0.0,,,,,,
,Kuala Lumpur,2011-04-10,Spring,27.0,24.1,31.1,4.1,,62.7,7.4,,,
58362,Shanghai,2011-04-17,Spring,14.4,8.7,19.9,0.0,,,,,,
,Istanbul,2011-05-08,Spring,12.8,5.3,18.5,1.1,,276.6,7.7,,1014.9,
,Montmeló,2011-05-22,Spring,19.8,14.8,25.6,0.1,,,9.5,,1021.3,
,Monte-Carlo,2011-05-29,Spring,20.2,17.2,22.5,0.0,,64.0,9.3,,1017.3,
,Montreal,2011-06-12,Summer,14.4,10.7,17.5,2.6,0.0,208.1,16.3,,1009.9,
08285,Valencia,2011-06-26,Summer,,20.2,28.8,0.0,,,,,,
80472,Valencia,2011-06-26,Summer,26.6,21.0,30.5,0.0,,,,,,
,Nürburg,2011-07-24,Summer,13.1,10.4,16.1,2.8,0.0,226.1,20.5,49.5,1005.4,113.0
12843,Budapest,2011-07-31,Summer,16.0,13.8,17.8,0.0,,285.0,14.3,,1011.1,
,Spa,2011-08-28,Summer,13.8,12.5,17.1,3.0,,231.0,13.8,,1017.3,
,Monza,2011-09-11,Autumn,22.5,18.7,27.3,0.3,,40.5,8.4,,1016.1,
,Marina Bay,2011-09-25,Autumn,28.3,27.0,31.4,0.0,,,8.8,,,
,Suzuka,2011-10-09,Autumn,20.1,14.1,24.4,0.0,,41.0,7.6,,1024.9,
,Uttar Pradesh,2011-10-30,Autumn,24.1,18.4,31.1,24.0,,,,,,
41217,Abu Dhabi,2011-11-13,Autumn,22.7,16.5,28.1,,,251.0,9.1,,,
83780,São Paulo,2011-11-27,Spring,20.9,17.0,25.0,0.5,,193.0,9.8,,,
95866,Melbourne,2012-03-18,Autumn,,11.7,22.0,0.0,,,,,,
,Kuala Lumpur,2012-03-25,Spring,28.2,23.9,32.4,3.9,,92.0,7.5,,,
58362,Shanghai,2012-04-15,Spring,16.6,13.6,21.4,0.0,,,,,,
,Sakhir,2012-04-22,Spring,25.5,23.0,28.0,,,316.0,18.8,,,
,Montmeló,2012-05-13,Spring,21.8,16.1,27.3,0.1,,229.0,12.5,,1021.3,
,Monte-Carlo,2012-05-27,Spring,18.5,17.0,20.6,2.0,,353.0,10.0,,1017.1,
,Montreal,2012-06-10,Summer,15.0,10.4,19.4,1.0,0.0,144.1,18.0,,1013.3,
08285,Valencia,2012-06-24,Summer,,20.5,28.4,0.0,,,,,,
80472,Valencia,2012-06-24,Summer,26.7,22.0,,0.5,,,,,,
,Hockenheim,2012-07-22,Summer,14.9,9.1,20.7,0.0,0.0,223.2,7.9,25.3,1026.5,514.5
12843,Budapest,2012-07-29,Summer,24.8,18.8,33.4,12.7,,,6.8,,1010.4,
,Spa,2012-09-02,Autumn,16.0,10.4,21.1,0.0,,220.0,8.1,,1025.3,
,Monza,2012-09-09,Autumn,20.0,15.8,24.2,0.0,,,7.0,,1017.4,
,Marina Bay,2012-09-23,Autumn,28.4,25.5,32.3,0.0,,,6.2,,,
,Suzuka,2012-10-07,Autumn,19.8,17.7,24.8,2.4,,5.0,7.9,,1016.1,
,Uttar Pradesh,2012-10-28,Autumn,24.4,17.3,31.3,0.2,,,,,,
41217,Abu Dhabi,2012-11-04,Autumn,27.4,21.6,33.1,,,39.0,12.5,,,
72254,Austin,2012-11-18,Autumn,15.5,7.2,24.4,0.0,0.0,,5.8,,1024.3,
83780,São Paulo,2012-11-25,Spring,19.6,17.0,27.8,,,151.0,17.8,,,
95866,Melbourne,2013-03-17,Autumn,,10.3,17.7,30.8,,,,,,
,Kuala Lumpur,2013-03-24,Spring,28.1,24.9,32.7,5.3,,235.0,6.3,,,
58362,Shanghai,2013-04-14,Spring,17.0,,27.2,,,,,,,
,Sakhir,2013-04-21,Spring,27.4,25.0,32.4,,,308.0,21.0,,,
,Montmeló,2013-05-12,Spring,17.8,12.3,22.7,0.0,,146.7,14.8,,1021.1,
,Monte-Carlo,2013-05-26,Spring,14.7,10.9,17.5,0.3,,45.0,15.5,,1011.7,
,Montreal,2013-06-09,Summer,13.6,9.5,17.4,2.6,,163.9,14.3,,1015.7,
,Nürburg,2013-07-07,Summer,19.8,12.6,25.7,0.0,0.0,63.0,8.7,27.3,1030.0,864.0
12843,Budapest,2013-07-28,Summer,29.3,21.1,36.6,,,,,,1014.1,
,Spa,2013-08-25,Summer,16.8,12.9,21.6,0.0,,158.0,9.3,,1011.6,
,Monza,2013-09-08,Autumn,20.7,16.9,24.5,1.5,,141.2,10.0,,1019.3,
,Marina Bay,2013-09-22,Autumn,29.2,27.0,32.1,0.0,,185.0,11.6,,,
,Suzuka,2013-10-13,Autumn,19.0,15.8,24.0,0.2,,317.0,14.1,,1017.3,
,Uttar Pradesh,2013-10-27,Autumn,24.7,20.7,30.2,3.9,,,,,,
41217,Abu Dhabi,2013-11-03,Autumn,29.4,23.7,36.3,,,134.0,11.3,,,
72254,Austin,2013-11-17,Autumn,25.3,19.4,32.2,0.0,0.0,,5.0,,,
83780,São Paulo,2013-11-24,Spring,19.2,17.9,22.0,16.0,,127.0,14.5,,,
95866,Melbourne,2014-03-16,Autumn,,11.8,22.0,4.6,,,,,,
,Kuala Lumpur,2014-03-30,Spring,28.5,24.4,32.3,5.5,,85.0,6.2,,,
,Sakhir,2014-04-06,Spring,23.1,21.0,26.3,,,317.0,21.1,,,
58362,Shanghai,2014-04-20,Spring,14.4,,16.8,1.5,,,,,,
,Montmeló,2014-05-11,Spring,19.6,14.3,25.2,0.0,,211.5,12.2,,1018.0,
,Monte-Carlo,2014-05-25,Spring,17.7,13.4,20.0,0.0,,288.0,10.2,,1017.0,
,Montreal,2014-06-08,Summer,14.9,9.4,19.3,0.9,,209.3,13.0,,1012.3,
,Spielberg,2014-06-22,Summer,19.1,10.5,26.9,0.0,,,7.9,,,774.0
,Hockenheim,2014-07-20,Summer,24.5,18.5,30.8,4.9,0.0,125.3,11.4,35.6,1010.1,439.0
12843,Budapest,2014-07-27,Summer,23.1,20.4,27.4,,,57.0,7.4,,1012.5,
,Spa,2014-08-24,Summer,13.7,8.9,19.2,0.3,,236.0,8.9,,1018.8,
,Monza,2014-09-07,Autumn,18.5,15.1,22.5,0.2,,181.2,9.5,,1013.1,
,Marina Bay,2014-09-21,Autumn,28.4,22.4,31.3,35.3,,,6.2,,,
,Suzuka,2014-10-05,Autumn,19.5,15.8,22.0,2.9,,12.0,11.3,,1018.6,
,Sochi,2014-10-12,Autumn,6.1,2.2,10.3,1.0,55.5,174.2,11.8,,,
72254,Austin,2014-11-02,Autumn,15.8,8.9,23.9,0.0,0.0,,9.7,,1024.4,
83780,São Paulo,2014-11-09,Spring,20.9,18.5,25.1,0.3,,140.0,16.6,,,
41217,Abu Dhabi,2014-11-23,Autumn,23.7,17.8,30.8,,,132.0,9.8,,,
,Monte-Carlo,2015-05-24,Spring,18.1,16.3,20.0,0.0,,175.0,9.7,,1014.5,
,Montreal,2015-06-07,Summer,15.4,9.2,21.3,4.8,,272.1,12.6,76.8,1013.5,
,Sakhir,2015-04-19,Spring,25.3,24.0,28.3,,,316.0,29.3,,,
,Montmeló,2015-05-10,Spring,21.9,14.6,28.8,0.0,,250.0,9.0,,1023.8,
58362,Shanghai,2015-04-12,Spring,14.5,,20.3,0.5,,,,,,
95866,Melbourne,2015-03-15,Autumn,,14.0,18.8,1.8,,,,,,
,Kuala Lumpur,2015-03-29,Spring,27.8,24.8,32.1,0.0,,145.7,8.5,,,
,Spielberg,2015-06-21,Summer,13.3,9.6,18.3,2.2,,,7.2,,,114.0
12843,Budapest,2015-07-26,Summer,21.3,18.8,26.0,9.1,,,,,1012.1,
,Monza,2015-09-06,Autumn,17.8,14.5,22.1,0.1,,149.2,13.9,,1015.9,
,Marina Bay,2015-09-20,Autumn,29.3,26.4,32.6,0.0,,,8.5,,,
,Suzuka,2015-09-27,Autumn,22.3,23.6,27.5,1.7,,49.0,5.4,,1011.7,
,Sochi,2015-10-11,Autumn,2.6,-1.0,7.3,0.9,91.1,244.5,10.9,,,
72254,Austin,2015-10-25,Autumn,15.8,13.9,17.8,16.5,0.0,,14.8,,,
,Mexico City,2015-11-01,Autumn,21.0,14.8,27.6,0.8,,,6.1,,1015.8,
83780,São Paulo,2015-11-15,Spring,22.3,19.0,29.0,5.1,,,11.5,,,
41217,Abu Dhabi,2015-11-29,Autumn,24.4,20.0,28.5,,,257.0,13.2,,,
95866,Melbourne,2016-03-20,Autumn,,10.2,22.5,0.0,,,,,,
,Sakhir,2016-04-03,Spring,21.6,17.9,26.2,,,,9.6,,,
58362,Shanghai,2016-04-17,Spring,16.1,,,0.8,,,,,,
,Sochi,2016-05-01,Spring,8.5,2.7,14.9,0.2,198.6,218.9,12.8,,,
,Montmeló,2016-05-15,Spring,18.6,13.4,22.4,0.1,,273.8,12.6,,1020.9,
,Monte-Carlo,2016-05-29,Spring,18.7,16.2,23.3,0.8,,207.0,16.1,,1008.6,
,Montreal,2016-06-12,Summer,14.3,10.5,18.1,4.0,,170.1,15.1,135.8,1010.3,
,Baku,2016-06-19,Summer,23.1,12.1,28.1,2.2,,,,,,
,Spielberg,2016-07-03,Summer,16.9,13.6,21.7,1.0,,,8.1,,1019.8,576.0
12843,Budapest,2016-07-24,Summer,25.2,20.9,30.3,26.4,,85.0,7.1,,1016.5,
,Hockenheim,2016-07-31,Summer,18.1,13.6,22.6,2.7,0.0,301.0,8.9,35.4,1012.6,152.0
,Spa,2016-08-28,Summer,21.0,17.2,24.3,,,,,,1014.0,
,Monza,2016-09-04,Autumn,21.7,18.6,27.4,0.0,,192.2,8.7,,1016.8,
,Marina Bay,2016-09-18,Autumn,28.6,22.6,32.0,7.1,,,5.2,,,
,Kuala Lumpur,2016-10-02,Autumn,28.7,25.1,33.3,0.1,,173.0,7.7,,1009.6,
,Suzuka,2016-10-09,Autumn,18.7,22.6,23.2,22.6,,293.0,14.9,,1007.0,
72254,Austin,2016-10-23,Autumn,20.0,12.8,28.9,0.0,0.0,,4.7,,1020.9,
,Mexico City,2016-10-30,Autumn,20.8,11.6,26.4,0.6,,,24.5,,1014.0,
83780,São Paulo,2016-11-13,Spring,17.5,16.5,18.5,0.0,,145.0,13.9,,1016.8,
41217,Abu Dhabi,2016-11-27,Autumn,24.2,19.4,29.6,,,38.0,11.3,,1016.3,
95866,Melbourne,2017-03-26,Autumn,,18.2,26.2,3.8,,,,,,
58362,Shanghai,2017-04-09,Spring,11.4,,,12.2,,,,,,
,Sakhir,2017-04-16,Spring,26.4,25.0,29.0,,,322.0,33.5,,,
,Sochi,2017-04-30,Spring,9.8,4.1,16.3,0.8,202.3,143.6,13.5,,1017.1,
,Montmeló,2017-05-14,Spring,20.1,13.7,25.4,0.1,,205.1,9.1,,1022.7,
,Monte-Carlo,2017-05-28,Spring,22.7,19.9,25.5,0.0,,82.0,7.5,,1020.6,
,Montreal,2017-06-11,Summer,18.9,12.9,24.8,0.3,,230.9,18.7,174.0,1008.3,
,Baku,2017-06-25,Summer,22.9,12.2,29.0,0.0,,,,,,
,Spielberg,2017-07-09,Summer,22.7,18.1,29.5,3.8,,,9.4,,1014.1,252.0
12843,Budapest,2017-07-30,Summer,24.7,15.0,31.7,0.0,,115.0,7.7,,1016.7,
,Spa,2017-08-27,Summer,20.4,16.4,25.1,,,77.0,6.6,,1017.6,
,Monza,2017-09-03,Autumn,16.4,12.9,20.0,1.1,,254.4,18.1,,1011.5,
,Marina Bay,2017-09-17,Autumn,28.6,23.8,32.0,0.0,,158.0,13.9,,1011.3,
,Kuala Lumpur,2017-10-01,Autumn,27.5,24.2,31.1,4.1,,,5.1,,1010.2,
,Suzuka,2017-10-08,Autumn,22.2,18.1,26.6,2.9,,57.0,7.0,,1022.8,
72254,Austin,2017-10-22,Autumn,22.2,12.8,26.7,17.5,0.0,,7.9,,,
,Mexico City,2017-10-29,Autumn,20.1,12.0,28.5,0.4,,31.0,6.2,,1020.4,
83780,São Paulo,2017-11-12,Spring,20.6,13.8,28.0,0.0,,,9.6,,1011.0,
41217,Abu Dhabi,2017-11-26,Autumn,23.8,22.0,26.6,,,304.0,14.5,,,
95866,Melbourne,2018-03-25,Autumn,,17.2,26.6,19.0,,,,,,
,Sakhir,2018-04-08,Spring,26.1,24.0,28.0,,,359.0,10.7,,1010.9,
58362,Shanghai,2018-04-15,Spring,14.1,,,,,,,,,
,Baku,2018-04-29,Spring,15.1,8.2,19.7,0.2,,,,,,
,Montmeló,2018-05-13,Spring,14.7,9.8,20.3,2.8,,272.0,15.5,,1020.8,
,Monte-Carlo,2018-05-27,Spring,23.3,21.4,25.2,0.0,,49.0,16.2,,1016.2,
,Montreal,2018-06-10,Summer,14.8,10.0,19.3,4.7,,230.2,17.2,105.6,1011.2,
,Le Castellet,2018-06-24,Summer,19.0,12.4,24.4,0.0,,141.3,12.0,,1021.2,
,Spielberg,2018-07-01,Summer,17.8,12.3,23.7,0.0,,112.8,10.3,,1015.3,774.0
,Hockenheim,2018-07-22,Summer,21.1,16.0,27.0,3.7,0.0,243.9,10.0,31.9,1013.0,371.5
12843,Budapest,2018-07-29,Summer,27.4,21.8,33.8,0.0,,347.0,7.1,,1011.3,
,Spa,2018-08-26,Summer,14.4,9.0,18.2,,,187.0,11.7,,1014.8,
,Monza,2018-09-02,Autumn,17.9,14.9,21.8,4.1,,148.5,10.4,40.0,1016.1,
,Marina Bay,2018-09-16,Autumn,28.8,27.0,31.0,,,175.0,11.7,,1008.3,
,Sochi,2018-09-30,Autumn,9.0,4.2,14.3,1.1,,217.1,12.3,47.2,1014.7,
,Suzuka,2018-10-07,Autumn,22.2,20.8,27.1,4.6,,295.6,11.2,,1010.5,
72254,Austin,2018-10-21,Autumn,17.7,13.3,23.3,0.0,0.0,21.0,7.2,,1024.4,
,Mexico City,2018-10-28,Autumn,20.5,13.7,26.4,4.5,,153.0,9.1,38.9,1013.2,
83780,São Paulo,2018-11-11,Spring,21.2,18.9,26.5,6.1,,123.0,9.8,,1014.9,
41217,Abu Dhabi,2018-11-25,Autumn,26.9,23.0,34.0,,,134.0,22.5,,1015.1,
95866,Melbourne,2019-03-17,Autumn,,15.0,27.8,0.0,,,,,,
,Sakhir,2019-03-31,Spring,24.4,21.0,27.0,,,83.0,30.0,,1008.6,
58362,Shanghai,2019-04-14,Spring,13.7,11.6,18.4,,,13.0,8.8,,1019.2,
,Baku,2019-04-28,Spring,12.6,4.8,21.3,0.0,,,,,,
,Montmeló,2019-05-12,Spring,18.9,12.6,25.5,0.0,,150.1,12.9,34.9,1023.1,
,Monte-Carlo,2019-05-26,Spring,18.6,16.0,21.5,0.3,,282.0,8.2,27.8,1012.3,
,Montreal,2019-06-09,Summer,14.8,9.0,20.3,1.6,,261.8,12.0,37.8,1020.9,
,Le Castellet,2019-06-23,Summer,22.2,14.5,29.3,0.2,,103.7,10.8,33.4,1014.6,
,Spielberg,2019-06-30,Summer,25.1,15.5,35.0,0.7,,150.8,7.7,28.4,1017.0,774.0
,Hockenheim,2019-07-28,Summer,22.0,17.5,27.0,4.9,0.0,120.7,13.4,37.2,1002.6,418.9
12843,Budapest,2019-08-04,Summer,20.7,16.1,26.1,0.0,,316.0,7.2,25.0,1013.9,
,Spa,2019-09-01,Autumn,16.6,13.4,21.1,,,279.0,9.8,,1015.4,
,Monza,2019-09-08,Autumn,16.4,12.2,19.9,5.8,,209.0,14.8,40.8,1014.2,
,Marina Bay,2019-09-22,Autumn,29.6,26.7,33.0,0.0,,139.0,17.3,,1010.8,
,Sochi,2019-09-29,Autumn,7.5,3.5,11.9,2.1,,179.0,10.6,28.4,1009.9,
,Suzuka,2019-10-13,Autumn,18.7,19.3,23.2,22.4,,207.2,17.6,,1014.4,
,Mexico City,2019-10-27,Autumn,21.0,13.6,28.8,5.2,,256.0,9.9,11.1,1010.9,
72254,Austin,2019-11-03,Autumn,13.9,5.0,23.3,0.0,0.0,,5.8,,1022.3,
83780,São Paulo,2019-11-17,Spring,17.8,15.0,23.0,0.0,,142.0,16.7,,1016.0,
41217,Abu Dhabi,2019-12-01,Winter,23.9,19.4,28.0,,,268.0,10.1,,1016.5,
,Spielberg,2020-07-05,Summer,22.2,14.9,29.2,0.0,,123.7,10.2,34.0,1016.4,
,Spielberg,2020-07-12,Summer,16.8,11.4,22.8,0.0,,78.2,8.9,28.2,1024.2,750.0
12843,Budapest,2020-07-19,Summer,17.6,14.6,21.2,1.8,,9.0,5.3,18.5,1015.0,
,Montmeló,2020-08-16,Summer,23.4,18.1,29.0,0.7,,240.9,11.3,32.0,1013.9,
,Spa,2020-08-30,Summer,15.1,12.2,19.0,9.1,,297.0,14.0,,,
,Monza,2020-09-06,Autumn,20.4,16.0,24.8,0.2,,157.9,9.8,30.6,1016.5,
,Mugello,2020-09-13,Autumn,22.1,17.9,26.5,0.3,,169.3,12.1,23.6,1022.1,
,Sochi,2020-09-27,Autumn,11.5,6.5,17.5,0.7,,167.8,11.6,27.8,1023.1,
,Nürburg,2020-10-11,Autumn,8.0,4.6,12.2,0.5,0.0,231.8,12.1,32.7,1017.5,179.6
,Portimão,2020-10-25,Autumn,15.3,9.7,17.9,5.3,41.0,274.3,16.4,43.5,1020.8,
,Imola,2020-11-01,Autumn,13.0,10.1,16.1,0.0,30.0,219.2,8.9,19.9,1023.1,
,Istanbul,2020-11-15,Autumn,10.2,4.7,14.9,3.2,20.0,214.8,5.7,23.7,1020.4,
,Sakhir,2020-11-29,Autumn,25.1,23.4,28.5,,,135.0,11.1,,1016.4,
,Sakhir,2020-12-06,Winter,23.2,20.0,27.5,4.3,,222.0,22.2,,1012.2,
41217,Abu Dhabi,2020-12-13,Winter,21.3,16.8,24.3,,,292.0,11.7,,1017.1,
,Imola,2021-04-18,Spring,6.5,3.3,10.0,2.8,596.7,139.8,11.0,30.6,1014.5,
,Sakhir,2022-03-20,Spring,21.4,17.5,25.8,,,307.0,18.5,,1012.4,
,Sakhir,2021-03-28,Spring,21.6,20.0,23.5,,,327.0,44.9,,1015.1,
,Al Daayen,2021-11-21,Autumn,26.8,24.5,29.9,,,97.0,16.7,,1013.6,
,Portimão,2021-05-02,Spring,14.2,8.2,18.8,1.3,,244.0,8.4,31.4,1018.5,
,Montmeló,2021-05-09,Spring,18.4,14.3,23.2,4.1,,190.6,15.0,37.4,1008.5,
,Monte-Carlo,2021-05-23,Spring,17.7,15.0,22.3,0.0,,14.0,16.8,48.2,1014.7,
,Baku,2021-06-06,Summer,18.1,14.6,23.2,25.0,,148.5,9.1,,1012.7,
,Spielberg,2021-06-27,Summer,21.5,14.6,28.7,0.4,,76.9,8.3,34.6,1015.6,
,Le Castellet,2021-06-20,Summer,19.9,16.3,25.4,7.5,,134.8,11.6,45.6,1008.6,
,Spielberg,2021-07-04,Summer,19.2,15.9,24.3,6.9,,242.0,7.7,21.9,1012.2,
12843,Budapest,2021-08-01,Summer,22.9,18.5,29.9,1.5,,29.0,9.2,54.0,1007.5,
,Spa,2021-08-29,Summer,15.2,12.9,17.0,2.9,,339.0,12.2,,1021.5,
,Zandvoort,2021-09-05,Autumn,16.8,11.6,22.9,0.0,0.0,50.8,10.0,24.6,1021.3,
,Monza,2021-09-12,Autumn,19.6,15.4,24.0,0.6,,189.2,8.8,25.2,1016.7,
,Sochi,2021-09-26,Autumn,8.8,5.4,12.4,2.9,41.0,189.4,13.1,28.2,1014.2,
,Istanbul,2021-10-10,Autumn,18.2,10.3,25.2,0.1,,167.6,6.0,18.8,1019.3,
72254,Austin,2021-10-24,Autumn,24.3,21.1,30.6,0.0,0.0,154.0,5.4,,1010.1,
,Mexico City,2021-11-07,Autumn,19.1,11.1,27.4,0.2,,187.0,7.6,16.7,1019.1,
83780,São Paulo,2021-11-14,Spring,17.1,13.7,24.0,0.0,,119.0,14.6,,1019.1,
,Jeddah,2021-12-05,Winter,18.4,10.9,26.3,0.0,,210.1,11.7,,1017.2,
41217,Abu Dhabi,2021-12-12,Winter,23.6,22.0,26.0,,,304.0,12.3,,1018.2,
,Jeddah,2022-03-27,Spring,17.8,10.9,24.6,0.0,,166.4,12.9,,1022.3,
95866,Melbourne,2022-04-10,Autumn,20.4,15.1,26.6,0.0,,349.0,18.9,,1017.1,
,Imola,2022-04-24,Spring,10.2,7.2,13.5,4.0,115.5,197.1,15.7,57.4,1007.6,
,Montmeló,2022-05-22,Spring,22.5,17.9,28.7,2.0,,204.9,12.0,33.1,1013.3,
,Monte-Carlo,2022-05-29,Spring,22.0,19.8,24.6,0.0,,150.0,17.1,37.0,1003.7,
,Baku,2022-06-12,Summer,20.4,13.5,28.3,17.7,,112.6,6.0,,1009.8,
,Montreal,2022-06-19,Summer,17.2,12.6,21.5,2.9,,236.1,16.1,42.3,1010.9,
,Spielberg,2022-07-10,Summer,17.6,15.1,21.6,1.4,,137.6,11.6,39.2,1020.0,
,Le Castellet,2022-07-24,Summer,25.1,16.4,33.5,0.0,,165.4,9.0,31.5,1016.9,
12843,Budapest,2022-07-31,Summer,18.7,16.8,20.8,15.0,,297.0,14.7,54.0,1013.1,
,Spa,2022-08-28,Summer,18.9,15.4,23.6,0.0,,38.0,15.0,,1020.0,
,Zandvoort,2022-09-04,Autumn,20.6,14.8,27.1,0.0,0.0,152.5,9.1,23.7,1016.8,
,Monza,2022-09-11,Autumn,19.8,15.5,23.9,0.2,,252.5,11.6,30.7,1016.4,
,Marina Bay,2022-10-02,Autumn,26.8,23.3,32.9,26.9,,1.0,6.5,,1009.5,
,Suzuka,2022-10-09,Autumn,17.3,14.2,19.5,10.0,,107.0,10.1,,1020.8,
72254,Austin,2022-10-23,Autumn,24.8,20.0,31.7,0.0,0.0,172.0,12.2,,1010.1,
,Mexico City,2022-10-30,Autumn,19.9,13.6,27.6,0.3,,193.2,7.6,14.8,1016.1,
83780,São Paulo,2022-11-13,Spring,21.7,19.0,30.0,0.0,,115.0,11.7,,1014.6,
41217,Abu Dhabi,2022-11-20,Autumn,27.6,26.0,30.2,0.0,,308.0,18.5,,1014.8,
,Sakhir,2023-03-05,Spring,25.5,19.9,30.5,0.0,,171.0,8.3,,1018.9,
,Jeddah,2023-03-19,Spring,20.5,15.3,26.1,0.0,,246.9,14.5,,1012.3,
95866,Melbourne,2023-04-02,Autumn,12.4,6.7,19.1,1.6,,194.0,8.3,,1020.5,
,Baku,2023-04-30,Spring,17.9,13.0,23.6,14.7,,187.9,11.6,,1007.0,
,Monte-Carlo,2023-05-28,Spring,21.8,18.4,24.5,0.0,,329.0,11.4,50.0,1014.2,
,Montmeló,2023-06-04,Summer,21.5,16.9,26.9,3.2,,140.2,9.0,24.5,1013.8,
,Montreal,2023-06-18,Summer,14.9,11.4,18.6,7.4,,137.7,15.0,135.9,1009.9,
,Spielberg,2023-07-02,Summer,19.5,16.1,23.9,1.5,,166.1,12.5,32.5,1011.1,
12843,Budapest,2023-07-23,Summer,23.7,15.7,29.9,0.0,,231.0,6.0,32.0,1016.2,
,Spa,2023-07-30,Summer,17.1,14.7,21.8,6.1,,231.0,14.7,,1012.9,
,Zandvoort,2023-08-27,Summer,15.2,12.8,17.9,3.2,,219.5,14.4,33.3,1009.2,
,Monza,2023-09-03,Autumn,18.0,14.9,21.6,,,220.6,10.6,28.5,1015.9,
